avg_line_count,std_line_count,avg_word_count,std_word_count,avg_comment_count,std_comment_count,avg_comment_length,std_comment_length,avg_empty_line_count,std_empty_line_count,avg_check_count,std_check_count,avg_))_count,std_))_count,avg_<_count,std_<_count,avg_if(_count,std_if(_count,avg_1]_count,std_1]_count,avg_=_count,std_=_count,avg_'_count,std_'_count,avg_(in_count,std_(in_count,avg_h()_count,std_h()_count,avg_:_count,std_:_count,avg_1_count,std_1_count,avg_2_count,std_2_count,avg_3_count,std_3_count,avg_0_count,std_0_count,avg_&&_count,std_&&_count,avg_(_count,std_(_count,avg_-_count,std_-_count,avg_||_count,std_||_count,file,group,folder_prefix
18.521601708489055,8.204383863082635,47.07352909770422,21.871041657852064,0.08576615056059797,0.6858428532981534,2.3366364121729846,18.34785468371182,1.9074212493326215,1.925087533061521,0.009076348104644954,0.18902862672186171,0.46402562733582486,1.002289436573214,1.1162840363053925,1.145345821661465,0.3802669514148425,0.938025856513353,0.2911478910838227,0.8269587506309805,6.621035771489589,4.72690446654891,0.3602349172450614,1.3812067691531627,1.2393379604911905,0.8917578275494608,0.5399038974906567,1.2594263015451854,0.10795515216230646,0.6131028226434446,1.854522156967432,2.1524443445401844,1.0288948211425522,1.7863210757682928,0.2694500800854244,0.8284238869420736,2.2518953550453817,2.315812513618614,0.7651468232781634,1.298784347752422,6.194041644420715,3.800263956940295,1.0277415910304324,1.5816821397845497,0.26366257341163907,0.8212711602172509,CodeStates.csv,CSEDM,CodeStates.csv
12.354,5.49205644544919,48.334666666666664,22.09859720032523,0.5436666666666666,1.3718940273294515,20.664,54.89472139772032,1.1346666666666667,1.3157500606962638,0.03666666666666667,0.2250678909919306,0.4126666666666667,1.1473329459615849,1.022,0.9771639234710485,0.03666666666666667,0.28164201075518236,0.25366666666666665,0.7580588514239658,5.629333333333333,3.86384172668717,0.433,1.440663388859452,1.3813333333333333,0.9088004303598355,0.38333333333333336,0.9436042013942546,0.289,0.8120831238241563,1.6613333333333333,2.093475154431555,0.937,1.707346186337147,0.31533333333333335,0.86596664036337,2.0473333333333334,1.9625900120900328,0.7373333333333333,1.0021674289037514,5.441333333333334,3.4920707642059923,0.846,1.1731513116388697,0.312,0.6913677265633198,ChatGPT35,LLM Datasets,ChatGPT35
15.161,7.666664572463481,69.81766666666667,35.93266510046565,2.731,2.904933562062995,120.472,121.52649594224299,1.4113333333333333,1.6629707019534516,0.4683333333333333,0.7820894379090468,0.592,1.461347323534005,0.9266666666666666,0.8793684602536577,0.0006666666666666666,0.03650875085358151,0.24433333333333335,0.6762405061974787,5.876,3.769963395047756,0.996,2.763569672241562,1.407,0.9176152062093712,0.376,0.8947759496097333,0.4816666666666667,1.28439242013058,2.082,3.1249441595010943,1.1623333333333334,2.2036291026899746,0.5,1.4306175822583291,2.3753333333333333,2.6569013698082373,0.6996666666666667,1.0093561754350586,5.969333333333333,4.326861012584321,0.902,1.146761817757579,0.2896666666666667,0.618945249777573,ChatGPT4o,LLM Datasets,ChatGPT4o
12.835,6.455574464497072,50.812666666666665,26.904948235511537,0.5866666666666667,1.6714730695474045,24.287666666666667,74.53456187940971,0.6976666666666667,1.264223564968721,0.06933333333333333,0.37928822227371567,0.46066666666666667,1.2924600144255485,1.0096666666666667,1.0051069042091438,0.18833333333333332,0.6257240250745976,0.22766666666666666,0.6130534687574613,5.979666666666667,3.928857326104995,0.612,2.106368755306946,1.41,0.9197282207261013,0.3863333333333333,1.0015387605524255,0.33666666666666667,0.9412698278861852,1.782,2.2788467843772793,0.9143333333333333,1.6003107684307931,0.3416666666666667,0.9568684456194708,2.262,2.173635050631392,0.6136666666666667,0.9669952889693356,5.744666666666666,4.262409907812976,0.9316666666666666,1.3619828274329386,0.3396666666666667,0.6882053149718881,DeepSeek,LLM Datasets,DeepSeek
17.693666666666665,10.140504255487276,82.303,48.3925806055708,3.797,3.825936617352671,155.54666666666665,146.39343276102093,1.7273333333333334,2.1102099948162083,0.6453333333333333,0.9267568301459786,1.0873333333333333,2.1929522465287645,1.0896666666666666,1.0612696274850337,0.026,0.250314468885307,0.24233333333333335,0.6799077551812125,6.278666666666667,4.195038127227081,1.1556666666666666,3.3717603546054233,1.4316666666666666,0.9939804938841719,0.39666666666666667,0.9359427807771632,0.8756666666666667,1.8056045771123004,2.6686666666666667,4.231495191484395,1.5546666666666666,2.937744864498769,0.788,2.0142134941460403,2.639,2.944375259145252,0.7503333333333333,1.1381270676959678,7.456,6.127919494684418,0.8373333333333334,1.143476958908904,0.2853333333333333,0.6308075952477286,Qwen,LLM Datasets,Qwen
13.604617604617605,6.377796217662768,48.44805194805195,23.902712262256994,0.0670995670995671,0.3591312873764749,2.961760461760462,17.025720575480456,1.2662337662337662,1.345925318920915,0.010822510822510822,0.1283642857418419,0.28354978354978355,0.6620865041728986,1.1147186147186148,1.4426906230906322,0.3874458874458874,0.9269655838707164,0.3997113997113997,1.215745629129462,6.623376623376624,4.987676197483135,0.38816738816738816,1.2647872663511672,1.3138528138528138,0.9337638254157962,0.3593073593073593,0.7845297739004663,0.13203463203463203,0.5728574879866063,1.5627705627705628,1.951992167162315,0.7388167388167388,1.4528301631676894,0.28643578643578643,0.8362654014331778,1.9783549783549783,2.0589001269066514,0.7157287157287158,1.0970237559916554,5.4105339105339105,2.9796576070413328,1.1204906204906204,1.6087060367969306,0.34559884559884557,0.7011936601480767,AdaBoost_ChatGPT35,Missclassified LLM,AdaBoost
16.463696369636963,7.198643221096617,44.19884488448845,20.70970735823488,0.2999174917491749,1.3320373213749017,10.166666666666666,46.194651417474276,1.8601485148514851,1.726753944794721,0.012376237623762377,0.21266491646737493,0.23226072607260725,0.6208151019166573,0.9253300330033003,0.9032131714010864,0.0721947194719472,0.43390064607601747,0.297029702970297,0.7210125963769531,5.520214521452146,4.081422204906842,0.35602310231023104,1.3027250036403875,1.311056105610561,0.8663739580204318,0.27805280528052806,0.8166462269048165,0.16006600660066006,0.7035665826609363,1.8824257425742574,2.078243750398397,1.0127887788778878,1.6318058225519207,0.38943894389438943,0.9527556085232362,1.99009900990099,1.9152594607724114,0.7962046204620462,1.188733740298973,4.973184818481848,2.5934082005259023,0.8461221122112211,1.2784071714362748,0.31683168316831684,0.741473331308943,AdaBoost_ChatGPT35,Missclassified Student,AdaBoost
12.344132115249472,5.463542909743403,48.448629655657065,21.96353258831868,0.5688685874912157,1.3938931355682547,21.546380885453267,55.785135740126286,1.1381939564300774,1.3251908621515711,0.039037245256500354,0.2325898084445465,0.42951510892480677,1.177494620269063,1.023576950105411,0.9594589543689388,0.021257905832747715,0.2039782627082005,0.2517217146872804,0.7290446977569267,5.597610681658468,3.8000898643364707,0.446170063246662,1.4477371362829647,1.3858397751229796,0.9123978861486026,0.39023190442726635,0.960354022138003,0.2990161630358398,0.8207039051628658,1.6849613492621223,2.130817970494697,0.9481728742094168,1.7086707382726478,0.3174279690794097,0.8633710370940082,2.0655305692199577,1.984875927770771,0.7472944483485594,1.0136548691214897,5.476669009135629,3.542173919001562,0.8402670414617006,1.1474842471017295,0.3111735769501054,0.6893489142650324,AdaBoost_ChatGPT35,Classified LLM,AdaBoost
18.16314460872701,7.93327732186624,46.663433104940495,20.894830344620825,0.07565813198701767,0.6774208432616813,2.1497655968265414,18.650973647832185,1.8743238369996393,2.0565659108193715,0.011648034619545618,0.20934166766225412,0.3587089794446448,0.8846350775273283,1.096429859358096,1.0202448840209641,0.3861521817526145,0.9146616478021146,0.26826541651640823,0.8097266074068934,6.838550306527226,4.695695482720093,0.2703570140641904,1.112336706502053,1.3761630003606202,0.9211080781940467,0.4262170934006491,1.174828254293412,0.09188604399567256,0.5365096142383449,1.780923187883159,2.1000756290057323,0.8787234042553191,1.5996207043266366,0.29109267940858274,0.8084100830076724,2.292138478182474,2.2143223448960176,0.7024161557879552,1.190573901158818,5.7342949873782905,3.54718991225487,0.8858276235124414,1.3567229224160597,0.27641543454742157,0.9103380225681875,AdaBoost_ChatGPT35,Classified Student,AdaBoost
11.636363636363637,4.660792577476514,44.56902356902357,16.216530932278918,0.05387205387205387,0.2909293545754606,2.3838383838383836,13.524667876109396,0.4175084175084175,0.9068184591982089,0.020202020202020204,0.14069079067862747,0.2037037037037037,0.48954017428825475,1.1902356902356903,1.0179395633096902,0.013468013468013467,0.16356845523893765,0.41245791245791247,0.8780409509403887,5.851851851851852,4.059938747228926,0.32154882154882153,1.1703291538813076,1.2407407407407407,0.8046310341608786,0.28114478114478114,0.6383491196571353,0.12962962962962962,0.5008721661251029,1.7037037037037037,1.5943143148171024,1.3585858585858586,1.4602598888434222,0.1750841750841751,0.5562489296191354,2.1094276094276094,1.6916746058365753,0.5976430976430976,0.9542009722885061,4.861952861952862,1.9926971615315723,0.6060606060606061,0.8204234164049021,0.5875420875420876,0.799776706471982,AdaBoost_ChatGPT4o,Missclassified LLM,AdaBoost
16.18213969938108,8.13515796208145,44.10433244916003,25.889783543482572,0.5658709106984969,2.118889533072094,22.249336870026525,76.1825816923921,1.914235190097259,1.928583637883182,0.016799292661361626,0.2198802291117371,0.13793103448275862,0.4252037100813242,0.8346595932802829,0.8525622399984055,0.011494252873563218,0.14823027558511323,0.3448275862068966,0.738912887870728,5.362511052166225,4.342475271568484,0.5075154730327144,1.6557608134432986,1.328028293545535,0.8353917123607321,0.21043324491600354,0.6714572929794613,0.24491600353669318,0.8062303079633231,1.6905393457117595,1.7690953322048326,0.9036251105216623,1.3118837695460241,0.4261715296198055,0.8933318764536996,2.0397877984084882,1.9373953978372904,0.7064544650751547,1.0830022138619302,4.305923961096375,2.3243131781638753,0.6083112290008842,1.1011937395532598,0.2953138815207781,0.6994788786341054,AdaBoost_ChatGPT4o,Missclassified Student,AdaBoost
15.258165487207403,7.724006931629078,70.35530076211214,36.12123885055691,2.7876973326075123,2.9187721372481845,122.91684812193795,121.89881486777466,1.4365813826891671,1.6731592931298784,0.4731899836690256,0.78097603976348,0.6098598258029396,1.4927841159834792,0.9233124659771367,0.8734802163925914,0.00020413718018508437,0.020204768951458837,0.24319542732716384,0.6742412186497405,5.870543004899292,3.7503330288233903,1.0135070767555798,2.7975465917222597,1.412459172563963,0.9255189780381237,0.3817025040827436,0.9041329754817902,0.4931614044637997,1.2980637752381456,2.075870985302123,3.1236472722872657,1.1738908546543276,2.2533638122583324,0.4935016330974415,1.4117907771885903,2.369692433315188,2.6703458972185525,0.6957335329341318,1.0069496026179785,6.01473189983669,4.399882082472535,0.9052123026673925,1.1518771435525776,0.2842950462710942,0.6168130252817937,AdaBoost_ChatGPT4o,Classified LLM,AdaBoost
18.13398885157359,7.9073186717199935,46.58640030467749,20.556950295482697,0.07246477166499325,0.6147482618416155,2.001211785479348,16.46411753084793,1.883841706193955,2.0718600973191457,0.013606619810961465,0.22816688032740406,0.3543260741612713,0.8837852150693365,1.1006474396703942,1.0331288006253208,0.38032752830384653,0.9131351554529946,0.25814492954332996,0.7717637404256099,6.784475296887442,4.616825385966104,0.2732056919295087,1.1088201760300573,1.3716372952948102,0.9144185289797662,0.4161271336080047,1.146680493804578,0.09334210435204099,0.5686701309027409,1.7856524599245231,2.087697267370278,0.8634490876986463,1.5761377477354896,0.29318284111761245,0.8195438385848527,2.290759270158917,2.2748677975858147,0.7115950559152443,1.198095217812851,5.7148841879306165,3.5772668305464586,0.8930858982792647,1.3546925686701374,0.2826576186684209,0.8877049359780517,AdaBoost_ChatGPT4o,Classified Student,AdaBoost
12.966566365763958,5.669448546315308,47.56435974590438,19.071416930777513,0.0712136409227683,0.4552276295935763,2.9648946840521564,20.2974809894601,0.6115011701771983,1.190703480124829,0.017051153460381142,0.17359108652366992,0.32464058843196253,0.7489598244678117,1.0678702774991642,1.05660937974573,0.4215981277164828,0.9517558007682748,0.2664660648612504,0.6997698781855183,6.729521899030424,4.048443828320342,0.5125376128385155,1.5906026100702648,1.4577064526914076,0.9487713757585988,0.3985289200936142,0.9184307563695483,0.19592109662320295,0.7402978241208931,1.5677031093279838,1.8071554459623302,0.7171514543630892,1.4173673367546449,0.25810765630224003,0.7763515924912595,2.3196255432965565,2.2479559406869996,0.651621531260448,1.2116383181874433,5.658642594450017,3.1872611959861095,0.9545302574389836,1.2489803417265188,0.2932129722500836,0.6762563931231597,AdaBoost_DeepSeek,Missclassified LLM,AdaBoost
16.989476524554775,7.039181638468862,44.19454937938478,19.931471437629497,0.2174851592012952,1.0862317165607598,8.474905558553697,42.568956681053024,1.8712898003237992,2.009395445886094,0.008094981111710739,0.1332044658656934,0.2180248246087426,0.8311001463375798,0.9811117107393416,0.985414108856827,0.26821370750134915,0.8146320380755739,0.31921208850512683,0.7090830216533092,5.95763626551538,4.569082048357321,0.4193200215866163,1.4367747999636842,1.315434430652995,0.8689426290909839,0.32703723691311387,1.0273684506124852,0.2107393416082029,0.7445452971185919,1.7620075553157042,1.8818365677510076,0.8715596330275229,1.3121605654492117,0.2830545062061522,0.8203555464609318,2.094441446303292,2.0196648916674436,0.7477064220183486,1.1286756234045077,5.052887209929843,3.264208184951474,0.7830545062061521,1.2164078635026943,0.4255261737722612,1.48312555786382,AdaBoost_DeepSeek,Missclassified Student,AdaBoost
12.840066964285715,6.518692923891413,51.20561755952381,27.4537900116277,0.6429315476190476,1.73519306633502,26.74828869047619,77.85842876726406,0.7165178571428571,1.2844923560599186,0.07834821428571428,0.4040806852293025,0.46912202380952384,1.3198683657726376,1.0060267857142857,1.0032874471772673,0.16026785714285716,0.5694859207801688,0.22258184523809524,0.6059996666500144,5.91484375,3.8953960030051884,0.6450892857142857,2.2007857750681565,1.4098958333333333,0.9145762360406364,0.3795758928571429,0.9814914239927043,0.3533482142857143,0.9548181908386199,1.8155133928571427,2.346683726711695,0.9382440476190477,1.640669473536075,0.3476934523809524,0.967370503862322,2.247953869047619,2.135290101906649,0.6174479166666667,0.9452894045207696,5.750558035714286,4.305349021223311,0.9200892857142857,1.3481462110297144,0.34475446428571427,0.6887748023865922,AdaBoost_DeepSeek,Classified LLM,AdaBoost
18.320932520909814,8.091242748805609,47.06547326193089,21.2290603178215,0.07860576013321727,0.71889670174649,2.0681603148771903,18.10046126695138,1.8715891458199296,1.9943274015309287,0.015176172274155093,0.24629982130007863,0.3768686371721606,0.9209192539534325,1.0963932937213792,1.0317864924685887,0.3875033115089127,0.9214576860858702,0.2625364265980396,0.8061045336178833,6.868939938689778,4.6843729648790875,0.26325549710479507,1.0895073455440136,1.378912311243992,0.9275770971099727,0.43522688566778944,1.2013202632337527,0.08356356204821556,0.5726714625169363,1.7882905044847293,2.119572994442047,0.8570563524202399,1.613522665712302,0.3115846043219922,0.8485094926425136,2.306702494039284,2.3205980155973887,0.6927298187185407,1.182865237403939,5.808802936835333,3.66512593333614,0.8958483139688908,1.3779061049570747,0.2580327744767816,0.8169460481650134,AdaBoost_DeepSeek,Classified Student,AdaBoost
11.724655819774718,5.86534595777978,42.571964956195245,17.95459479803779,0.04755944931163955,0.3747218257802609,1.802252816020025,14.3678979166872,0.19148936170212766,1.2375548824934786,0.006257822277847309,0.07885849312652497,0.13016270337922403,0.5621154826461277,1.1063829787234043,0.95450807518461,0.21401752190237797,0.6449990576922547,0.3354192740926158,0.7040981721137622,5.46433041301627,3.5452966280961866,0.37296620775969963,1.2690875922313072,1.4730913642052565,0.8469716829402532,0.1939924906132666,0.6075568793501863,0.1639549436795995,0.6402458679575851,1.9799749687108885,1.9536812912060986,0.8160200250312891,1.499250936739291,0.2202753441802253,0.609921658754321,2.346683354192741,2.2544542784736006,0.6745932415519399,0.9851171876208754,4.702127659574468,2.2924773268433905,0.8085106382978723,1.0128721770951086,0.19899874843554444,0.5675399772532869,AdaBoost_Qwen,Missclassified LLM,AdaBoost
15.194151096669374,8.826728014814954,43.2859463850528,28.30651176575472,0.6661251015434606,2.210266536289549,25.913891145410236,82.77332868675632,1.90982940698619,2.0515277468266344,0.012997562956945572,0.17979146461816306,0.1421608448415922,0.464955342450619,0.9658813972380179,0.9024594154275885,0.05199025182778229,0.39562249675349237,0.37205523964256704,0.7286627415596388,5.042242079610073,4.619546945536418,0.3363119415109667,1.2729667070979271,1.4760357432981317,0.9602341367722043,0.19983753046303818,0.7588310131404296,0.2380178716490658,0.8067851797376879,1.6368805848903332,1.7445949072174831,0.892770105605199,1.4176116497662952,0.2794476035743298,0.7731638316797638,2.0032493907392364,1.8811102988629498,0.6913078797725426,1.1019136276595112,4.364744110479285,2.5222373944415732,0.7595450852965069,1.4121514387000842,0.26401299756295693,1.0684135599889153,AdaBoost_Qwen,Missclassified Student,AdaBoost
17.830892189483073,10.20586354779221,83.31787466126985,48.558365267244746,3.9202826467258944,3.8436083001387176,160.43662744829007,146.1657765420053,1.7587555311631735,2.096121931473119,0.6632250540253147,0.9288395414242371,1.1184783727232188,2.2170246476667512,1.08770966967379,1.0502865257887282,0.020340959764003706,0.2235521653657743,0.23620210612972936,0.6741018815646527,6.2448118546976294,4.186497930580304,1.1599149315679347,3.3660217535454433,1.4270572496827085,0.9887220736124477,0.399238500325867,0.9442357097263864,0.9012451548725688,1.8285205178935333,2.6868246835660137,4.2590003260560625,1.586629163379412,2.9910594550079788,0.7991630363941962,2.0302069988565923,2.681885226220286,3.0211514027443838,0.7539532809659383,1.138537747159555,7.515178540801976,6.203219696536242,0.8390903166054952,1.152344005138061,0.2843961170376977,0.6271690805443646,AdaBoost_Qwen,Classified LLM,AdaBoost
18.187215879515563,7.87196043278168,46.668910712426694,20.699721501676816,0.06260193635701149,0.4821506409985675,1.8011243363292502,14.064650328138722,1.8742756012076205,2.0676645900209993,0.011659784155186174,0.21191249628224493,0.35593573238019227,0.8773990939348518,1.093521185411389,1.0300169313666203,0.3781101433181802,0.9041611799360588,0.2614081965506472,0.7852664338648182,6.787347746122081,4.58629180182897,0.27258215636603395,1.1177331442765637,1.3701287434500469,0.9202545326392244,0.42811534857896383,1.174968551233139,0.09626262275740015,0.5918137535673197,1.7605580039559983,2.063753372545789,0.8674740604504285,1.5765934118101077,0.301592809799771,0.8365346935888289,2.277752715411042,2.2825142953961057,0.7016344518860395,1.179409661296296,5.736023874796127,3.576182395990862,0.8984627129819204,1.3672143747605439,0.27636464586875803,0.8598785103223496,AdaBoost_Qwen,Classified Student,AdaBoost
13.692019950124688,6.776161910256865,49.50997506234414,24.525024631312,0.018703241895261846,0.1354748339650917,0.5124688279301746,3.8839742532168953,1.21571072319202,1.3444640557177174,0.0,0.0,0.23690773067331672,0.5249243279653388,1.0860349127182045,1.486876754331584,0.3516209476309227,0.8770010199467448,0.4226932668329177,1.5178517856074987,7.164588528678304,5.137058445170284,0.4139650872817955,1.3651174398989505,1.3104738154613467,0.9286866413076574,0.35785536159601,0.791393473534215,0.19576059850374064,0.7592041919214244,1.8204488778054864,2.3096200847035044,0.7493765586034913,1.5174071796906345,0.24064837905236908,0.8041002025334468,2.197007481296758,2.2374261625496685,0.7805486284289277,1.0960007546161026,5.437655860349127,2.8057170866546675,1.213216957605985,1.7494352135462838,0.44139650872817954,0.7438405729005698,LightGBM_ChatGPT35,Missclassified LLM,LightGBM
15.727272727272727,7.25403001992978,42.531531531531535,20.927980635835056,0.38001638001638,1.5314535711805748,14.814905814905815,55.07734245305011,1.8108108108108107,1.6080513276371369,0.010647010647010647,0.14269429434740172,0.1547911547911548,0.45944851012018284,0.8288288288288288,0.8524307514969445,0.10647010647010648,0.5136617482473456,0.26617526617526616,0.6640980647103544,4.91973791973792,4.109290558135662,0.35298935298935297,1.2063378865511676,1.2694512694512694,0.8394211044659746,0.21294021294021295,0.647957507021442,0.21212121212121213,0.8604803174913492,1.6117936117936118,1.8511324581324071,1.0917280917280918,1.5621774566291666,0.3775593775593776,0.888983042166108,1.8222768222768222,1.8213480779341231,0.7207207207207207,1.0760461514440178,4.573300573300573,2.372496240263658,0.7272727272727273,1.4171587481400334,0.3972153972153972,0.7786833068345426,LightGBM_ChatGPT35,Missclassified Student,LightGBM
12.305379584289286,5.428275244983887,48.158100195185426,21.997550746821364,0.5590521521761462,1.3895047209848388,21.330924904975515,56.024891598643975,1.1390952984282436,1.3137030357439279,0.038386467143786594,0.22918939848167794,0.4209841454645071,1.159333605710557,1.0155121049207274,0.9581520965241654,0.02948327226654796,0.246164628585472,0.24620758141286855,0.7192132232530585,5.540321199876725,3.803008376439304,0.42591514570420846,1.4403224980271445,1.3803376365441906,0.9119468661230413,0.3879395952470637,0.9524537672760158,0.29496969489436015,0.8096414835318351,1.6549669554497826,2.085750710545775,0.9377118789165497,1.7136727349869683,0.3138718624798822,0.8570986151602542,2.029277813923227,1.955712505790179,0.7295825771324864,0.9929297296673257,5.444098209088107,3.5072263385200104,0.8367633462315516,1.150117363898518,0.3039413758860391,0.6862845017996446,LightGBM_ChatGPT35,Classified LLM,LightGBM
18.112149857510254,7.897289089545209,46.47577674289289,20.718185902572397,0.07579759505108778,0.6309174019600146,2.139222909571141,18.392965616239092,1.8554945436852714,1.9850097359086938,0.013588656425940085,0.22996541268503487,0.3501424897476889,0.8678456819089327,1.0924793216097866,1.0197690144762255,0.3810731910752763,0.9181891204188924,0.26419684437339264,0.7812348690759336,6.7696184055049695,4.6107005785664095,0.2724334468617502,1.1091378512747108,1.3706818655730868,0.9164041656960287,0.41186487801487454,1.1210217199606523,0.09491207339959686,0.5748909352125045,1.7807743101410995,2.080779226413131,0.8682143601862793,1.5769710619968778,0.2923820115381942,0.8240492337671609,2.30666573990408,2.295912983632131,0.7026134704941962,1.169844561890959,5.699763675540418,3.511686287954418,0.8817335094182248,1.3531617598035197,0.2785153263362758,0.900637660444242,LightGBM_ChatGPT35,Classified Student,LightGBM
11.554778554778554,4.442841523369685,44.396270396270396,16.638808935138137,0.046620046620046623,0.2417284258402501,2.006993006993007,10.51350325208742,0.40093240093240096,0.9020045367078565,0.016317016317016316,0.12669163861726052,0.337995337995338,0.7844506874859292,1.1818181818181819,0.989240698927891,0.04195804195804196,0.2866279934534154,0.42424242424242425,0.9617242174178706,5.916083916083916,4.033362910267122,0.3916083916083916,1.2720867262823161,1.1095571095571095,0.8018783540894132,0.44522144522144524,0.8249640861896999,0.053613053613053616,0.3266232539783311,1.6503496503496504,1.6440557953318413,1.5501165501165501,1.5420844535694358,0.17016317016317017,0.516799566134992,1.8508158508158508,1.475876109332488,0.7156177156177156,1.0347182552969019,5.298368298368298,2.483422359353934,0.5710955710955711,0.8488049807199944,0.6247086247086248,0.8144643563887325,LightGBM_ChatGPT4o,Missclassified LLM,LightGBM
15.267123287671232,8.600964501418614,42.4041095890411,26.539703719563956,0.8904109589041096,2.7496532475564464,30.895890410958906,83.36141881886873,1.7273972602739727,1.5083112459923564,0.024657534246575342,0.20121604413127167,0.1136986301369863,0.3463370234810883,0.8589041095890411,0.8886399669185654,0.021917808219178082,0.20821917808219184,0.40136986301369865,0.8018801793943162,4.816438356164384,4.796031855739548,0.4246575342465753,1.3860143728047403,1.3013698630136987,0.8709140452193058,0.15342465753424658,0.4360728202920763,0.2945205479452055,1.0093250709721078,1.6493150684931508,1.857316025489487,1.1684931506849314,1.6319898529372274,0.5068493150684932,0.9234136737727516,1.984931506849315,1.9426130709057567,0.6068493150684932,0.8960841397509665,4.0698630136986305,2.446534307591262,0.473972602739726,1.1455724652862396,0.4136986301369863,0.7790607390977952,LightGBM_ChatGPT4o,Missclassified Student,LightGBM
15.281526604516541,7.747278800374358,70.44051425302057,36.17055794759284,2.79180829939757,2.925775640460083,122.91734257732305,122.04525481494234,1.4458317907986402,1.6813526296828536,0.4805640628681049,0.7866944910208894,0.6139400262511359,1.4960937710948534,0.9306027664658567,0.8811304688419399,0.0,0.0,0.24299128327668024,0.6656012600263878,5.862248847305893,3.7575407284086064,1.023020226836738,2.823676968543878,1.4126476626392488,0.9220544074908178,0.38144919732103794,0.9089142368485202,0.4878672634873624,1.297472179829819,2.096018577726921,3.1523486731687838,1.1697236899673544,2.2283038047913264,0.4955070171305489,1.3808071618052429,2.3731699929323864,2.6981079160160997,0.6993571837242958,1.0028961816961408,6.028001211590886,4.407371308627982,0.9148520849459832,1.1489039723702077,0.2821997105643994,0.6098495843753614,LightGBM_ChatGPT4o,Classified LLM,LightGBM
18.147521285361165,7.931319745866912,46.55695550672892,20.861436103513086,0.07590634441087614,0.6357573567495732,2.1509544081296346,18.017333933667746,1.89055204614117,2.116971155824139,0.010848667948365833,0.20436830522143729,0.3544012633891788,0.9076885526346343,1.0892611919802253,1.0233795562637744,0.3795660532820654,0.9201040795831945,0.2654490524581159,0.8020064598609375,6.786047789068937,4.632552363150544,0.2754051084866795,1.115123807540014,1.3750343312276847,0.9206935608484532,0.42381900576764625,1.170610689610925,0.09217934633342488,0.5399292239230556,1.7789755561658884,2.0836252671732702,0.8556371875858281,1.5513497854286327,0.2901332051634166,0.813598976482414,2.276709695138698,2.200407254392247,0.7079442460862401,1.1826541139644802,5.719376544905246,3.613826593644301,0.89113567701181,1.3709450111358374,0.27626338917879706,0.8903012095504179,LightGBM_ChatGPT4o,Classified Student,LightGBM
12.767418546365915,5.358154126363066,47.22105263157895,17.943429844407948,0.04711779448621554,0.3536922520809624,2.118295739348371,17.33777775397911,0.47769423558897245,1.0244522696905112,0.005012531328320802,0.07062156793787154,0.3167919799498747,0.6928881361799948,1.1142857142857143,1.027429050936462,0.44661654135338347,0.9725724001383366,0.3037593984962406,0.6965442102607404,6.6721804511278195,3.788229099036351,0.4832080200501253,1.3607803062730925,1.4731829573934838,0.9700567867574099,0.3674185463659148,0.8710556512795019,0.10676691729323308,0.5308803142691079,1.6210526315789473,1.7303882522415543,0.7909774436090226,1.4191383587217525,0.3218045112781955,0.8970577089645522,2.1904761904761907,2.0783667975534192,0.750375939849624,1.2496991553849996,5.6,2.9136959450413453,0.956390977443609,1.188332167733826,0.306265664160401,0.7015456187854715,LightGBM_DeepSeek,Missclassified LLM,LightGBM
16.208502939846223,6.486282367646412,42.792853912256895,18.30389635930211,0.25554047942107644,1.2449117840736041,10.281772953414745,46.80999564407275,1.7354138398914518,1.5187978023793065,0.003165988240615106,0.05617797396734233,0.15649027589326098,0.5217366386405347,0.9516056083220262,0.8824695520057918,0.2772501130710086,0.8599447987204973,0.2935323383084577,0.6542825944879912,5.56625961103573,3.815453531058027,0.39348710990502034,1.3768891408491954,1.32157394843962,0.8608161754175155,0.2537313432835821,0.7055561353725707,0.17458163726820444,0.670031587587298,1.5517865219357756,1.6687215432724587,0.9308005427408412,1.4474688966301144,0.2677521483491633,0.7944546409147355,1.9832654907281773,1.8210762697539447,0.725463591135233,1.1071815240060892,4.693803708729082,2.535296298826762,0.6933514246947082,1.1519735618776343,0.352329262777024,0.7099905734134155,LightGBM_DeepSeek,Missclassified Student,LightGBM
12.894117226078867,6.564342489261446,51.20908180061547,27.506557863675514,0.6210548915766121,1.7056636001328098,25.883167537393543,76.67919612030255,0.7129821799184141,1.283937147625482,0.07621842124096471,0.39786046468319924,0.4583124597437916,1.3031779939733077,1.00483074500823,0.9994335304138993,0.17029270736420238,0.584961987596145,0.22257210334215988,0.6022335368023664,5.929005940027196,3.9600323231411316,0.6301796321477134,2.1610272738882195,1.4103270593287054,0.9199277540072246,0.3883203320689902,1.0134349029895378,0.34652544192371,0.9503197851981628,1.8007943891791311,2.291877492178118,0.9272167752093323,1.6289923944916578,0.3421956630644815,0.9569302017072445,2.273205467687683,2.179626589464003,0.6007299792456882,0.9343080597071903,5.75352465469119,4.349630194026562,0.9386674300436556,1.3846403134047915,0.3368639519072497,0.6813807899330279,LightGBM_DeepSeek,Classified LLM,LightGBM
18.245367710428038,8.104647187508737,46.820130709566214,21.230699563304388,0.0763789141051422,0.6362296827375259,2.1841424877908646,19.038208415704023,1.8876400459638034,2.0757473024975357,0.012209135305946568,0.21704255917536525,0.3703677104280379,0.909548036004199,1.0979244469979892,1.0324030593845555,0.3801350186727952,0.9200652488854332,0.2677032461936225,0.8057372979765586,6.808208848032175,4.664161664337299,0.2590850330364838,1.0861964195439044,1.3816072967538064,0.9208409854138153,0.4357943119793163,1.1976048620276425,0.09074260270037346,0.5558344478883586,1.7879201378914105,2.13333429372663,0.8588408503303648,1.5849735105841358,0.3012065498419994,0.8374725200962159,2.2985492674518815,2.260805562362102,0.713264866417696,1.2250588451288726,5.771437805228382,3.637292684999794,0.9105501292731973,1.4095105764300637,0.266087331226659,0.8679781009651358,LightGBM_DeepSeek,Classified Student,LightGBM
12.23352165725047,5.871672766931301,45.433145009416194,15.853993457948054,0.032015065913371,0.17604005643015885,1.3804143126177024,8.393024220876795,0.18267419962335216,0.7068145600445891,0.009416195856873822,0.09657914429346957,0.1374764595103578,0.40931760412496143,1.0564971751412429,1.0012281391946511,0.224105461393597,0.6671346522592917,0.3239171374764595,0.7494960671782895,6.073446327683616,3.7802479001853344,0.4519774011299435,1.3470518997357042,1.2787193973634652,0.745039501714686,0.2033898305084746,0.5350852200023312,0.2711864406779661,0.8987846497330747,1.8888888888888888,1.8997692616581958,0.903954802259887,1.5731394683989013,0.14500941619585686,0.5520621757215133,2.2919020715630887,2.473876765382024,0.8135593220338984,1.059920734769832,4.930320150659134,2.031031319655286,0.8436911487758946,1.030629198554087,0.2674199623352166,0.6318990082191318,LightGBM_Qwen,Missclassified LLM,LightGBM
13.799531066822977,8.398676821232664,39.422039859320044,25.061847662646564,0.7678780773739742,2.581846594932702,24.20867526377491,73.15889383079265,1.6178194607268463,1.4740463343382488,0.010550996483001172,0.10217471779367375,0.10785463071512309,0.34930407109659145,0.7960140679953107,0.8221055287420576,0.04337631887456037,0.25939571810590456,0.5158264947245017,0.7919853089342417,4.499413833528722,4.536842758140807,0.38335287221570924,1.3736951010679486,1.4583821805392732,0.9005485936528154,0.1488862837045721,0.422257987137797,0.17819460726846426,0.7555301545365746,1.567409144196952,1.6701552300982305,0.9390386869871044,1.3068625843779618,0.36107854630715125,0.7677465142388504,1.7807737397420869,1.67388208371026,0.6576787807737398,0.990010008585554,3.9355216881594375,2.4445680369502387,0.6506447831184057,1.243926461908786,0.21219226260257915,0.5673752327265685,LightGBM_Qwen,Missclassified Student,LightGBM
17.82940337048111,10.207314267375912,83.17168388148953,48.83480158583419,3.8681706985593913,3.8371587291927605,158.36935988040227,146.3946932574469,1.747247893449307,2.088169157612038,0.6581272084805654,0.9279214345864626,1.1024055449850503,2.2049093158924453,1.0983283500951346,1.0774479980316345,0.02313808100027181,0.23714883101061562,0.24327262843163902,0.6764132814371818,6.3324952432726285,4.258524386694332,1.181842892090242,3.4138863534143478,1.437449035063876,0.9950414518737483,0.40286083174775755,0.9438625784153235,0.8962693666757271,1.825682712864,2.666723294373471,4.228851450218695,1.5629926610491982,2.9479447441237077,0.8120752921989671,2.0536067063223813,2.66193259037782,2.9651655530637657,0.7514949714596357,1.140485807234646,7.515765153574341,6.178652795932201,0.8395963577058984,1.14552876493291,0.27993340581679804,0.6234147787176473,LightGBM_Qwen,Classified LLM,LightGBM
18.20631167763158,7.881234473001499,46.83254523026316,20.96529204870214,0.07185444078947369,0.5746232925786421,2.118078399122807,17.935858150679877,1.8765762061403508,1.9788789105318918,0.012712445175438597,0.22091532346392412,0.35252192982456143,0.8868877302174785,1.1058799342105263,1.0303247278381378,0.38366913377192985,0.9206649378618917,0.26137609649122806,0.77353035030933,6.819729989035087,4.6475365141952665,0.2701137609649123,1.1102791321612906,1.3778782894736843,0.9149098163363715,0.41906524122807015,1.1731711705988532,0.08874725877192982,0.5490642146231771,1.7781661184210527,2.0791612346111914,0.8596148574561403,1.5581501081603009,0.30002741228070173,0.8361717008388019,2.29296875,2.240928939809967,0.7138843201754386,1.1922075158046042,5.717447916666667,3.587984388721997,0.8949424342105263,1.3703056516423706,0.27891995614035087,0.9019500901292757,LightGBM_Qwen,Classified Student,LightGBM
13.559493670886075,5.958793501774951,49.50379746835443,22.181001353010917,0.1569620253164557,0.684860430076454,3.948101265822785,18.17317790396016,1.231645569620253,1.3181348833035402,0.013924050632911392,0.1624450654682523,0.32151898734177214,0.7583578004062127,1.1379746835443039,1.3566343124021762,0.3379746835443038,0.8720416604652127,0.3962025316455696,1.3599090660193762,7.277215189873417,4.419503648374681,0.42278481012658226,1.2959478586839424,1.40126582278481,0.933076261130398,0.2911392405063291,0.679759799984798,0.26329113924050634,0.8122756305885762,1.5531645569620254,1.9510682204292875,0.7987341772151899,1.3077174694754057,0.2607594936708861,0.8391402655067152,2.230379746835443,2.306312440018094,0.8746835443037975,1.182463460985012,5.307594936708861,2.8275888620223046,1.0658227848101265,1.6682353350626937,0.4911392405063291,0.7935164285534568,NN_ChatGPT35,Missclassified LLM,NN
16.407015590200444,8.300235848862986,43.55957683741648,22.145960247356708,0.30846325167037864,1.9468310380000582,9.994432071269488,52.29162669965162,1.789532293986637,1.562442552552298,0.0,0.0,0.14253897550111358,0.4461603214599833,0.9593541202672605,0.9786225179955816,0.18374164810690424,0.6493809181881314,0.3897550111358575,0.8970290893814381,5.561804008908686,4.914420156647589,0.22271714922049,0.9913077514475862,1.3424276169265033,0.9713051787819414,0.19710467706013363,0.6691686762900599,0.15534521158129175,0.7186889069489686,1.7121380846325167,1.9082775074712293,1.0105790645879733,1.6666516513791971,0.34910913140311806,0.8235497392055751,1.9047884187082404,1.9922900975357292,0.8569042316258352,1.2018509267255988,4.51837416481069,2.4289908327927754,0.6798440979955457,1.1614900853887036,0.31124721603563477,0.736804032050534,NN_ChatGPT35,Missclassified Student,NN
12.287743742102927,5.468244660118237,48.184475634327086,21.968444539774794,0.5474848888433562,1.3836597488247677,20.749957313116827,55.062037076717,1.1269678653143462,1.3123879914480427,0.035652084827374246,0.2210438971056186,0.4035788682853533,1.1362842014733379,1.0145476897858825,0.9648715505415933,0.028924632039067037,0.2446365442494804,0.24276884199023324,0.7236157277300418,5.58873749274323,3.828407066492898,0.4410067274527883,1.4553519678043798,1.3831233138681147,0.9038527260708055,0.37977666222723083,0.9421599258807174,0.28900727384489294,0.8127894516231318,1.6678618993955536,2.1058103453177015,0.9466584707850971,1.7172564536299162,0.31933203565208484,0.8713849639753468,2.034934945190042,1.9388181617134248,0.7366731550729092,1.0014586005315458,5.42055117303555,3.4832714623944723,0.8249154799713144,1.147570951360605,0.3132875729945702,0.6976355392358418,NN_ChatGPT35,Classified LLM,NN
18.160534641498703,7.941896964987261,46.67356297323238,21.027565719661208,0.08378656997618286,0.6734268986302316,2.5080160676833385,20.46618436275367,1.8758664818172124,2.066459380815583,0.0129039138317159,0.2211905023357133,0.3674593864420035,0.9095563473519254,1.094024385908784,1.0255057597002513,0.3818207671252355,0.9191840583533795,0.26319718460061853,0.7800088332841597,6.803846290569123,4.658611744957766,0.2783406206675909,1.1329550963610642,1.373502541679997,0.922672463329012,0.435036081191568,1.207050202284452,0.09345561835697273,0.5641558665093804,1.7844015498915786,2.0998619119026585,0.8323202161316697,1.5162791867704422,0.29860296470086384,0.8377647295949133,2.294514947922221,2.2730728491656786,0.7068714229853187,1.2022229737868797,5.763143862642636,3.6288807697406495,0.8980484163378479,1.37151097995489,0.2784472645835555,0.9174432562773294,NN_ChatGPT35,Classified Student,NN
11.966507177033494,6.191430082014559,47.01913875598086,25.26083295449517,0.32057416267942584,1.1398008956920815,14.514354066985646,52.54190430348294,0.6674641148325359,1.33661852137353,0.007177033492822967,0.08441281705443708,0.23923444976076555,0.5359706015288209,1.1889952153110048,1.091583041212291,0.04784688995215311,0.3056214243573457,0.423444976076555,0.8885909485059063,6.179425837320574,5.028041716025078,0.45933014354066987,1.8866241669883725,1.3157894736842106,0.7025513815493837,0.19617224880382775,0.5356074126390432,0.07655502392344497,0.2916306211994407,1.5717703349282297,1.5912040594270769,1.3708133971291867,1.6262822864518987,0.22488038277511962,0.5763713499647085,1.9401913875598087,1.408709057041212,0.6483253588516746,0.9749295493516615,4.643540669856459,2.181856217665605,0.7822966507177034,0.9549530853669933,0.5,0.767927678014204,NN_ChatGPT4o,Missclassified LLM,NN
16.817091454272862,8.949607812420266,44.06371814092954,22.60838601955724,0.2773613193403298,1.8081475424078375,9.08695652173913,49.14156578741249,1.7008995502248876,1.504530619234016,0.0,0.0,0.10944527736131934,0.3929866700888235,0.9302848575712144,0.9580858023231977,0.037481259370314844,0.2950439413205399,0.3545727136431784,0.8274194935617116,5.859070464767616,5.1766041301583074,0.3980509745127436,1.4528148071823592,1.4265367316341828,0.95565099035549,0.17541229385307347,0.5577271847619357,0.18440779610194902,0.7410817502400939,1.8328335832083957,1.9313017510386155,1.083208395802099,1.4940571601015302,0.41829085457271364,0.9635772085530551,2.158170914542729,2.1758566764921112,0.7661169415292354,1.1798624185279034,4.466266866566716,2.4018954922662106,0.6079460269865068,1.1181867725278856,0.4047976011994003,1.2156554044970973,NN_ChatGPT4o,Missclassified Student,NN
15.25519287833828,7.69978642315866,70.36417588346372,36.14155308416711,2.783011869436202,2.9185085661114782,122.89283787429189,122.16354943622356,1.4373482600485568,1.6654301878657396,0.47029268950633935,0.7825274432689768,0.6000134879956839,1.46850488897244,0.9216010250876719,0.8774887989998156,0.0,0.0,0.24328972214728892,0.6769865475009671,5.866637442676018,3.7572856618987664,1.004754518478554,2.8089653379234134,1.4122268680874022,0.9202324944621465,0.3777313191259779,0.8958935361154091,0.48064472619368764,1.2781348170262974,2.094213649851632,3.1336279171371944,1.1514701915295387,2.209624061091809,0.4991232802805503,1.40675440574954,2.3797882384677638,2.661453944951362,0.6945980577286215,1.0069721641299814,6.002697599136768,4.3655922558422615,0.9083827893175074,1.151611800753038,0.2834839492851362,0.6153044966759262,NN_ChatGPT4o,Classified LLM,NN
18.09530637940683,7.851810395507105,46.504162003357585,20.668416982769703,0.08579322887520985,0.6653273681204197,2.527700055959709,19.848555797186865,1.8770984890878568,2.009160993819454,0.013535254616675993,0.23100485588173172,0.35691801902630105,0.8711924836606996,1.0961457750419699,1.0248502842945302,0.3878007834359261,0.9290375838280317,0.2646894236149972,0.7835222092545527,6.766787912702854,4.657269162364366,0.27255875769446,1.114131728118168,1.3675853385562395,0.9181050229098308,0.4166200335758254,1.1194911469472812,0.09254336877448237,0.548600825149525,1.7898712926692781,2.0969401950298425,0.8589115836597649,1.5761633915778903,0.28612898712926693,0.8240614787741056,2.2952574146614437,2.237283258217024,0.7081701175153889,1.1672373546665054,5.709988808058198,3.5253559671179766,0.8836737548964745,1.3549157494811255,0.2824916060436486,0.9544632603439701,NN_ChatGPT4o,Classified Student,NN
11.832925336597308,5.315584614134085,44.80477356181151,17.740457168358457,0.0966952264381885,0.5298449891228876,4.0593635250918,22.515372713051615,0.4320685434516524,0.9513758665035827,0.025091799265605876,0.18507869283050146,0.3261933904528764,0.736834226546524,0.9908200734394125,1.043386323005061,0.46328029375764995,0.9902513860653365,0.2839657282741738,0.6703366506939906,6.5,4.021096448267167,0.3598531211750306,1.1359288589306364,1.2937576499388004,0.9126462016407361,0.423500611995104,1.0076019425964935,0.23255813953488372,0.8453298542044213,1.5024479804161566,1.5576419990983688,0.7790697674418605,1.2182928908763777,0.19706242350061198,0.6132691756338493,2.1591187270501835,2.1759547674339594,0.8108935128518971,1.3054274462036788,5.417380660954712,2.9547118552628606,0.7539779681762546,1.0649354923852297,0.3200734394124847,0.6898466254898084,NN_Deepseek,Missclassified LLM,NN
16.490954239091877,7.475928482855639,43.19191202554097,19.342190095727236,0.17027314650585315,1.118433520665396,6.645264278112806,36.90569395479846,1.7087619723306138,1.5102691616082686,0.001418942887548776,0.0753243529761589,0.1841078396594537,0.52785080691285,0.9226676126285916,0.9074094002354715,0.2976232706633558,0.7708998984255319,0.3249379212486697,0.7241726240381157,5.822632139056403,4.32631864465463,0.32990422135509045,1.245522534185616,1.3834693153600568,0.8586660811060747,0.21284143313231643,0.6579378978643191,0.15395530329904222,0.7055205707562857,1.581411848173111,1.744404318989945,0.8393047179851011,1.306002329580444,0.21319616885420362,0.6088122825301477,1.9797800638524299,1.991632680000677,0.7194040439872296,1.1343031794952745,4.688896771904931,2.564815170771601,0.7981553742461865,1.3046360981845042,0.3721177722596665,0.745483850463403,NN_Deepseek,Missclassified Student,NN
12.824735007219072,6.50684829745009,50.757650456034085,26.911218661402707,0.6015424164524421,1.694347114263288,24.683170757474382,74.7161011680511,0.712293552135789,1.2783729347565091,0.06838750572243547,0.373676555098995,0.4685706236574286,1.3134511944767349,1.0073247173997253,1.0063445677187486,0.17530020776842625,0.6055045467140979,0.2190372222417861,0.5940623813687996,5.89146740852907,3.901241954739212,0.6092192837271543,2.0803362555627305,1.4041271965348452,0.9244488291180397,0.3874000774729725,0.9970412924214967,0.3467619818994964,0.9520761988586484,1.788076205232947,2.3054023146699447,0.9440785998520971,1.6704301527827323,0.336373560587386,0.9464843630773452,2.2678804099024545,2.187831210644643,0.5944642039652076,0.9317644614094824,5.74771982955946,4.279584722988703,0.9276684156777124,1.3474921689813792,0.34362784801211393,0.6980945259403345,NN_Deepseek,Classified LLM,NN
18.230828729281768,8.086112042806773,46.746740331491715,21.217589376528814,0.0825414364640884,0.656516411773222,2.4150644567219155,20.228715834992148,1.8935174953959484,2.0593331456465145,0.012375690607734807,0.21880655431682122,0.36655616942909763,0.8948395743304524,1.1032412523020259,1.0376275313980399,0.37959484346224676,0.9157893784905452,0.2601841620626151,0.8028049142580622,6.7992633517495396,4.663260998549256,0.28062615101289135,1.1316135150879707,1.369171270718232,0.9235370463641623,0.43057090239410684,1.1488263873089226,0.0912707182320442,0.5623494244206722,1.8011786372007366,2.122012685478974,0.8658195211786373,1.5866638096255494,0.3064088397790055,0.853418752815208,2.313038674033149,2.2810491940684456,0.70195211786372,1.1762567674510256,5.785561694290976,3.624723474226692,0.9008471454880295,1.3795010777134833,0.27351749539594844,0.9088243286660579,NN_Deepseek,Classified Student,NN
10.927244582043343,5.591288626671234,42.35294117647059,20.62451911107513,0.19659442724458204,1.094619905007913,6.117647058823529,31.954569599709476,0.22910216718266255,0.8216242307519727,0.006191950464396285,0.07844495021250728,0.19659442724458204,0.7444661766274671,0.9690402476780186,1.0552689597100318,0.18111455108359134,0.6118155460756493,0.2848297213622291,0.5803694393879334,5.687306501547988,3.7612238459535345,0.40092879256965946,1.2210482749123164,1.3808049535603715,0.849623829914959,0.23219814241486067,0.7761641397830064,0.26006191950464397,0.8293284962425365,1.8715170278637772,1.981468289949495,0.7801857585139319,1.2668592949628275,0.24613003095975233,0.643934939261853,2.174922600619195,2.2288683442896575,0.7647058823529411,1.0032727360217932,4.744582043343653,2.569424902571818,0.7383900928792569,1.0083152162799711,0.2770897832817337,0.6762225813702626,NN_Qwen,Missclassified LLM,NN
14.7419795221843,7.10373973803885,39.82730375426621,19.696594668513633,0.25119453924914675,1.7107490744120188,8.005460750853242,45.62850402694037,1.6457337883959045,1.4062599772697193,0.00955631399317406,0.18815833069236917,0.110580204778157,0.6962042415529166,0.9563139931740614,0.8669920129707335,0.13310580204778158,0.5670379107422148,0.32081911262798635,0.7179868599788468,4.881228668941979,4.348891333231562,0.33447098976109213,1.107254765649082,1.4744027303754266,0.901757897323354,0.25870307167235496,0.7082890676137427,0.14197952218430035,0.6775121420700381,1.6901023890784983,1.7520941121733105,0.8935153583617748,1.3579216190503254,0.30853242320819113,0.7682004789839648,2.0580204778157,1.8858315371770025,0.7262798634812286,1.106369466353425,4.524914675767918,3.0523689244159615,0.7392491467576792,1.2514546277696872,0.2566552901023891,0.8366590519618455,NN_Qwen,Missclassified Student,NN
17.756363016035483,10.126381845963524,82.77990446946434,48.161702765046385,3.8325827362674856,3.788936306033565,157.6495735243944,144.94324443304765,1.7511770726714433,2.1297260400090807,0.6549982940975776,0.9263079910956247,1.078949164107813,2.177122071207635,1.0963834868645514,1.0645607300302182,0.022244967587853975,0.23462596678491277,0.23439099283520984,0.6688398700165203,6.297202320027295,4.189644878725912,1.1881610371886728,3.4397444814367186,1.4368816103718867,0.999807743019616,0.40122824974411464,0.9359850918798863,0.870317297850563,1.7942635386604038,2.668850221767315,4.250024024065495,1.5706925963834868,3.017853307481283,0.7709314227226203,1.9355359302167454,2.6596042306380077,2.9583534349987666,0.7482429205049471,1.1364931442915525,7.456055953599454,6.123205911408824,0.8387239849880587,1.1466749622373935,0.2848515864892528,0.629773456162374,NN_Qwen,Classified LLM,NN
18.262465446656638,7.991974890060749,46.99681584380139,21.03416290979971,0.0853073935407117,0.6506293420188538,2.531999020259631,19.710163673725976,1.8968473354561042,2.099854333089324,0.01322649497883061,0.220934556533577,0.35743028097554147,0.8770979842996978,1.1039924420028693,1.034364142964215,0.3841631967528605,0.9257631523694257,0.2573568004478813,0.7812254429091849,6.844186290632982,4.65919285001737,0.2771965429161272,1.1303022405576164,1.365933027747647,0.9263639263651462,0.4334651317400889,1.1876676265969561,0.0948248714090766,0.5812970976817011,1.785051961230274,2.0961406771501854,0.8637111165541131,1.5792417505784053,0.3040344308758179,0.8370351860346109,2.294202036460338,2.289077031947818,0.7095769621050422,1.1879217779726117,5.754435074705203,3.56719634889994,0.8828160537457573,1.3629405775308292,0.2787361349242451,0.8860629349700383,NN_Qwen,Classified Student,NN
14.351802990325417,6.33464867171659,51.82937554969217,23.032516856989243,0.03869832893579595,0.2521626311485888,0.980650835532102,6.099697522553932,1.3500439753737907,1.325178170527361,0.0,0.0,0.24450307827616535,0.5321899663473201,1.1635883905013193,1.4725791992703805,0.2612137203166227,0.7684520100192945,0.4072119613016711,1.3231119409825307,7.3236587510993845,4.813212318489927,0.47053649956024624,1.4628988260098363,1.423043095866315,0.9851653718681684,0.4080914687774846,0.7905808506049368,0.20052770448548812,0.7106921096636561,1.7607739665787159,2.100159251596489,0.7000879507475813,1.3969214774197052,0.27792436235708,0.8347003219864777,2.2269129287598943,2.099012722730534,0.7678100263852242,1.0850798506523527,5.722955145118734,2.816544111250127,1.2497801231310466,1.574048118781048,0.3641160949868074,0.6639716436731234,RandomForest_ChatGPT35,Missclassified LLM,RandomForest
15.713513513513513,6.741327247703392,43.34108108108108,20.50979697130707,0.3345945945945946,1.1804456203796447,14.098378378378378,53.619551169705,1.7572972972972973,1.4861571133861893,0.023243243243243242,0.2847479117836636,0.19297297297297297,0.5261325743156627,0.8383783783783784,0.8429918197593343,0.06756756756756757,0.39219000776585394,0.3037837837837838,0.6846871503037635,5.191351351351352,3.963363410690581,0.2745945945945946,1.1194849071193764,1.2724324324324325,0.7914045174874152,0.2064864864864865,0.7637468669948256,0.16756756756756758,0.7021411477620222,1.8654054054054054,1.859306169042918,0.8875675675675676,1.3904333475874606,0.3654054054054054,0.870223936990544,2.0524324324324326,2.008080171498228,0.745945945945946,1.1127260401021462,4.603783783783784,2.351143886467217,0.6362162162162163,1.2072245393404175,0.3940540540540541,0.8937423882403802,RandomForest_ChatGPT35,Missclassified Student,RandomForest
12.277714364774653,5.419994036170416,48.208917021203,21.971537036253558,0.5680882709003493,1.4102668630116089,21.55670851924873,56.07766581239924,1.1348967521012763,1.3168698739734694,0.03790944623153817,0.22902488272093546,0.42689633703434676,1.1784390811251162,1.020684168655529,0.94984439845616,0.023797170627096954,0.21413083140291117,0.24838296842032445,0.7424661535722895,5.565667047144686,3.807312347092816,0.4346442530524714,1.4265145649291449,1.3824149977517208,0.8983865141640474,0.3833488983431912,0.9536732797750112,0.28798727128082735,0.8085834103652901,1.6485766663207775,2.0858534908687982,0.9402649510566913,1.7024301439680176,0.3156238110061914,0.8581550983107216,2.0206495797447337,1.928369226177125,0.733803742520148,0.9988986637453223,5.447027083117153,3.5463040996765134,0.835633495901214,1.1534257096047131,0.30669987202103005,0.6900241901275203,RandomForest_ChatGPT35,Classified LLM,RandomForest
18.31787773112234,8.068724359973794,47.00597822219059,21.258938342657917,0.07661376414490072,0.6760029218781021,2.128211515194648,17.983798778368413,1.8842786990249805,2.052541593245216,0.011066827983773397,0.20260545942912378,0.3622517970251228,0.9121678960953448,1.1042630417763861,1.0285669363843704,0.3898654900007117,0.9362011666429427,0.2662443954166963,0.8072768698166938,6.8795815244466585,4.7138701326613655,0.2821863212582734,1.1389210757227946,1.3721443313643158,0.9272542979950971,0.43754892890185754,1.1738724796461792,0.09565155504946267,0.5601938208621563,1.7872037577396627,2.119276850767085,0.877446445092876,1.615369978626958,0.3020069745925557,0.8496686172770966,2.3014020354423175,2.2675714900733643,0.7147533983346381,1.2201231756254487,5.782257490570066,3.647619139322603,0.907906910540175,1.394061837976294,0.2764216070030603,0.9194820231159502,RandomForest_ChatGPT35,Classified Student,RandomForest
12.18859649122807,4.370650896403567,46.23684210526316,14.435535850492657,0.01644736842105263,0.13553536420143322,0.6359649122807017,5.139622950075647,0.38596491228070173,0.8533604566326534,0.0,0.0,0.27521929824561403,0.7736901467230597,1.2203947368421053,0.8975482308149049,0.019736842105263157,0.19769709475416739,0.48135964912280704,0.9560994830715586,6.224780701754386,3.651321551810426,0.375,1.1790151629160521,1.3366228070175439,0.8821181634093486,0.3048245614035088,0.7279347527828426,0.18969298245614036,0.6673651335885786,1.8135964912280702,1.469839845191987,1.3870614035087718,1.439712189714342,0.18640350877192982,0.5444208691763258,2.308114035087719,1.7579456074992263,0.756578947368421,1.0481607357547027,5.125,2.3619215155491586,0.5910087719298246,0.7977808255010196,0.5263157894736842,0.7517293082676685,RandomForest_ChatGPT4o,Missclassified LLM,RandomForest
15.486646884272997,9.12592256398526,45.38427299703264,31.418857699321606,1.0905044510385757,2.44508810242396,49.19139465875371,100.46070662602236,1.8694362017804154,1.9949901592599477,0.010385756676557863,0.10137994246799116,0.18397626112759644,0.4169746621470754,0.6973293768545994,0.7648191664611045,0.07863501483679525,0.35477318414224057,0.4169139465875371,0.6802067902199147,4.403560830860534,4.318930700377995,0.4198813056379822,1.3942301570109472,1.2937685459940653,0.8966090321416933,0.23293768545994065,0.6022075898559422,0.12759643916913946,0.5239468824747183,1.3620178041543027,1.6038102145923583,1.045994065281899,1.5376454040801522,0.4065281899109792,0.9376807647405269,1.86053412462908,1.7460809052753714,0.36795252225519287,0.6983955483531618,4.054896142433234,2.5025117479366177,0.5801186943620178,1.235103276898742,0.2062314540059347,0.5506050460679166,RandomForest_ChatGPT4o,Missclassified Student,RandomForest
15.258683415705656,7.636793197925411,70.59297775947282,35.849884810321065,2.827018121911038,2.91228492154382,124.43386188907193,121.36371694186768,1.4397652388797364,1.6587706422932629,0.48736957715540913,0.7954460928916781,0.6084912136188907,1.488181743248695,0.9235996705107083,0.875562360796787,0.00020593080724876442,0.020293329125605653,0.23987506864360242,0.6805556535447546,5.872528830313015,3.7540595456575927,1.0141062602965403,2.7959210842210833,1.4130628775398133,0.9152700458837839,0.3795304777594728,0.9012383933857412,0.4919000549148819,1.3045627118687089,2.0769838001098297,3.1297469456370406,1.1470002745744097,2.2012099618144423,0.5128706754530478,1.45095517471242,2.3664881933003845,2.638064616621361,0.6987575507962658,1.0099551669734468,6.002024986271279,4.363451182656728,0.9157056562328391,1.1567344105531714,0.28329214717188356,0.6135960314641086,RandomForest_ChatGPT4o,Classified LLM,RandomForest
18.21849170025275,7.9798385467526,46.811735774301525,20.937883898733407,0.06957442448254662,0.6078947808055875,1.801147619372908,14.755268714175124,1.8765967620739121,2.0230175591054165,0.011851902452353303,0.2104652649963051,0.3556595395860373,0.9017504138110171,1.0968303845891112,1.0234708179467222,0.37666507275087097,0.9231731715941076,0.26514789261561583,0.8025306843593205,6.829906414372567,4.682701238842765,0.27853678529954234,1.1309434770573006,1.3676480633923083,0.9202178452772799,0.4276589931006216,1.1633782986467682,0.09946034565202541,0.5712554521700741,1.8019331921579342,2.1133305664545246,0.8742058883803538,1.6036464132301915,0.3036068037434251,0.8488516877748005,2.295819386570121,2.2626024342997226,0.7247079718560011,1.2219270096668304,5.747557893298723,3.6046758670854304,0.898285402008334,1.3872337380772326,0.2854703190108614,0.9250193912355206,RandomForest_ChatGPT4o,Classified Student,RandomForest
13.53885655597398,5.480719677417965,49.15850736049298,17.356637416487853,0.021225607668606643,0.17619743633556187,0.8668264293050325,7.467129738092465,0.623416638137624,1.1687120317088682,0.003765833618623759,0.06660592419108498,0.3026360835330366,0.7266788874480841,1.1694625128380691,1.0333560551831538,0.43991783635741183,0.9845964596664906,0.3087983567271482,0.7672391409651891,6.8887367339952075,3.7722222737747333,0.4950359465936323,1.4265274246930693,1.577884286203355,0.9937378947113741,0.39712427250941457,0.9238992439869942,0.17528243752139677,0.7256854984446596,1.5549469359808286,1.6758378179024493,0.7483738445737761,1.4098560940791902,0.27593289969188634,0.7922938678542744,2.279014036288942,1.9948241448445219,0.6367682300581993,1.1642881776696574,5.718931872646354,3.088683670317073,1.078055460458747,1.3237104277292238,0.21362547072920232,0.5650731552210274,RandomForest_DeepSeek,Missclassified LLM,RandomForest
15.656518010291595,6.223877516515305,41.89794168096055,18.99008622510912,0.2855917667238422,1.0489306576689121,12.859777015437393,50.391312429717345,1.722984562607204,1.5671159813185667,0.011578044596912522,0.19280296022977284,0.1762435677530017,0.48500848503369615,0.8923670668953688,0.8406442369911439,0.2221269296740995,0.6577608497914424,0.27787307032590053,0.5805370474631175,5.37221269296741,4.054142545147378,0.5055746140651801,1.6803944048719701,1.2427101200686106,0.7816029160456079,0.20025728987993138,0.53178549920418,0.19811320754716982,0.7438921385326451,1.5060034305317325,1.583701825371918,0.9168096054888508,1.3106407542627738,0.23156089193825044,0.6902149708485206,2.120926243567753,2.1761906304556926,0.7465694682675815,1.1257211440808792,4.5548885077186965,2.32352927265398,0.5900514579759862,1.0178697514767239,0.4142367066895369,1.0080821212485227,RandomForest_DeepSeek,Missclassified Student,RandomForest
12.768791241198805,6.521956639567981,50.925535444391194,27.525651720184918,0.6494267703763777,1.7507751348151388,26.359494230840124,76.81339447738273,0.7064179599660855,1.2752541640487405,0.07258450989788771,0.3851522849433488,0.4884432484240793,1.3623024048688255,0.9962399085781694,1.0068079621598023,0.16865115936152172,0.587574266983739,0.21222398348508867,0.5718616208384705,5.895307258450989,3.9314952271248402,0.6303314041361006,2.155671285383838,1.3941829173885796,0.9061868194333177,0.385225052530689,1.0037419978974367,0.3569875032255686,0.9637690091220318,1.7780440151878203,2.283873908851986,0.9239871714527961,1.5832329788202857,0.34489622884948573,0.9720757593187549,2.243189442253106,2.1771430935054354,0.6113466288199948,0.9533179483722015,5.771740332510046,4.390757190471489,0.9132229881667712,1.3639196208688307,0.3505732296236222,0.6931684448609231,RandomForest_DeepSeek,Classified LLM,RandomForest
18.36813902968863,8.115884877236425,47.19178131788559,21.359282301109907,0.07624909485879797,0.6827612349265606,2.0238957277335263,17.52428358488981,1.8893917451122375,2.0556970500003353,0.011839246922519912,0.20992124365897682,0.3666183924692252,0.9188196895666917,1.104344677769732,1.032128321374705,0.38244026068066617,0.9327744605718364,0.2677769732078204,0.8161459362248442,6.8937726285300505,4.719282432706937,0.2628167994207096,1.0773692859521289,1.3763939174511224,0.9297366120484998,0.44210716871832006,1.1899657313593446,0.09181752353367126,0.5523024927141947,1.816183924692252,2.140653072113907,0.874800868935554,1.6245877481280655,0.3122013034033309,0.8630077273488956,2.299963794351919,2.259037685804917,0.7141564083997104,1.2208997175685663,5.806951484431571,3.662918007744961,0.916545981173063,1.4084754120966942,0.27266473569876903,0.9095112889754629,RandomForest_DeepSeek,Classified Student,RandomForest
11.61754068716094,5.598955252476182,42.7007233273056,17.90612297464548,0.003616636528028933,0.06002962991934117,0.11934900542495479,2.2666394837029746,0.10669077757685352,0.5588434908260413,0.0,0.0,0.1256781193490054,0.4555571489096442,1.1745027124773961,0.9107162773756216,0.18896925858951175,0.6879914320892395,0.3924050632911392,0.8233132257835603,5.916817359855335,3.5910209498305328,0.33634719710669075,1.1294507469392294,1.4746835443037976,0.8734537561033731,0.22965641952983726,0.713894186190947,0.31735985533453887,0.9487817880598509,1.8191681735985534,1.5790884919435408,0.7377938517179023,1.3420316765240772,0.1437613019891501,0.522670456361114,2.2839059674502713,2.125121744458632,0.6094032549728752,0.8596133357116719,4.5958408679927665,2.1049199380840857,0.8688969258589512,1.0459558103417448,0.28661844484629295,0.6670641955869836,RandomForest_Qwen,Missclassified LLM,RandomForest
13.839948783610755,8.622024146422914,41.73495518565941,29.884629542166177,0.8629961587708067,2.1954266832140146,40.053777208706784,94.03661899688449,1.8873239436619718,1.97749324207727,0.008962868117797696,0.09424720214892675,0.21638924455825864,0.4725908887235882,0.8245838668373879,0.7880087140148138,0.11395646606914213,0.48913662801969937,0.4225352112676056,0.681344024893626,4.037131882202305,3.9710738952397646,0.32522407170294493,1.1447106471929898,1.3905249679897567,0.9108043220917456,0.1702944942381562,0.4962739943032187,0.10755441741357234,0.45398425257292746,1.531370038412292,1.7662657042040704,0.9244558258642765,1.4537438504591342,0.322663252240717,0.8607896654750535,1.8937259923175416,1.6067157622917845,0.4519846350832266,0.7380715292912653,4.014084507042254,2.4011427791506947,0.5441741357234315,1.1313968751110006,0.21510883482714468,0.5305780624417872,RandomForest_Qwen,Missclassified Student,RandomForest
17.896620827862623,10.110697320907601,83.5885564231912,48.01214219490866,3.9405362449036003,3.814240430648976,161.06644323129018,145.17818542195872,1.7838435491673001,2.083958538112004,0.6667472876788059,0.9348698697332253,1.133162877479096,2.2421230932724883,1.0935318913689447,1.07894149638008,0.020351046921429066,0.2211138676249404,0.23664570520351047,0.6717549414044256,6.288922672932071,4.218867151963596,1.1799115472323958,3.3902336113284086,1.4270955704512474,0.9864269878672167,0.405811623246493,0.9492830053287565,0.8807960749084376,1.8103995000792386,2.6911409024946447,4.290276431473248,1.5694492433142146,2.930694087232514,0.8288991776656762,2.102388386225496,2.620896966346486,2.9228704920507282,0.7502936908299357,1.14126240351005,7.572869877686407,6.210694434765971,0.8438946859235713,1.1468246745023836,0.28201230046299497,0.6233600030823145,RandomForest_Qwen,Classified LLM,RandomForest
18.27259949950293,7.968787214364502,46.91467553392067,20.934342713772953,0.07192074320386685,0.6222566966694206,1.8719618799492648,15.088368563748675,1.876144115731377,2.0235789870862586,0.011895375544204861,0.21084968147032931,0.3554214802372219,0.9024055718742084,1.09488875938432,1.0246582411345215,0.3768125878440917,0.9230827298680864,0.2644407116656954,0.8028373535976381,6.848616776935998,4.684416970766214,0.28055260361317746,1.1375213709152947,1.3653285797538652,0.9199880562105623,0.43005039251311233,1.1658884172649475,0.09989373007438895,0.5730366249978697,1.7990127181104523,2.1120980557385733,0.8768297281546742,1.6061660139753973,0.30547461520002744,0.8508237111278609,2.296527373076,2.2670517061693722,0.7237667546535943,1.2231990223343232,5.754859278050119,3.6079606747128588,0.9004147955160947,1.3897584841384603,0.2855232936820815,0.9264338497698849,RandomForest_Qwen,Classified Student,RandomForest
13.659238625812442,5.885706572111179,45.66573816155989,19.89164393317264,0.04596100278551532,0.37347639149832235,1.7353760445682451,14.405410819708983,1.3825441039925719,1.3328893744935995,0.011142061281337047,0.1488622753859319,0.2149489322191272,0.575529566958249,1.0784586815227484,0.894567448843563,0.3180129990714949,0.8734081143878637,0.4322191272051996,1.344648596470727,6.186629526462395,4.597897006788373,0.18570102135561745,0.7962655383398828,1.4805013927576602,0.8416063967580001,0.2265552460538533,0.5641079267154085,0.12163416898792943,0.4895053913817617,1.3105849582172702,1.9171825630375308,0.7901578458681523,1.3516301493038514,0.15041782729805014,0.5818616362741318,2.0798514391829155,1.767637679988783,0.5677808727948004,0.9530783805767128,4.904363974001857,2.426476804685945,0.8119777158774373,0.961865974881774,0.35097493036211697,0.7403551785851601,SVM_ChatGPT35,Missclassified LLM,SVM
17.073478188754354,8.114789019012472,45.49311660308509,20.95929188833153,0.16055730635262896,1.0594049196538622,5.752031846077293,38.64231416193906,1.8563609222093216,1.824875957568915,0.0028197047603250956,0.05302597500649748,0.20799469232045115,0.6017576202340347,0.8613368717863659,0.9511259161358351,0.07115607895173329,0.30489837503008627,0.3388621661967159,0.759602059314959,6.1786365898158895,4.884851022581559,0.3108309835793664,1.1922166122888045,1.2904295903134848,0.8516088593100982,0.27915077127218446,0.8174970449297576,0.11826173494775252,0.592522570048008,2.077956543373694,2.054626374308003,0.9378006302869464,1.503668055420463,0.4524796815392271,1.056979694899067,1.9530602089898823,1.851230736438045,0.8911925692486317,1.2787494879822805,5.034334052081606,2.524581188240753,0.797312987228396,1.2032132347615587,0.36971305357439044,1.4439784431102058,SVM_ChatGPT35,Missclassified Student,SVM
12.298000214646013,5.483067009739308,48.780703323435766,22.35153277677411,0.5781132615461668,1.401274643122295,22.136908381926805,56.44898581513399,1.1103638249919507,1.3104967089433104,0.03759882660179587,0.22534658577530078,0.42643007906128144,1.156407700593572,1.0157764819518478,0.9773312031213073,0.014595928880621042,0.138737872866808,0.24888205201588381,0.7159314058245148,5.639931313275856,3.8445955186614174,0.4627768039208672,1.4906368867258775,1.3760240403534505,0.9220429371239829,0.3967016062676636,0.9613125255788514,0.29113154223160304,0.8090898535148497,1.6856866883697634,2.08863828253991,0.9709870139162166,1.7677097366042356,0.32529603262619394,0.869988845641393,2.0389224770149896,1.96735468799951,0.7575931027081172,1.0113909748820757,5.503917289736343,3.524940758378722,0.8685293170679355,1.2102935200255232,0.3129538868815512,0.6902554565816611,SVM_ChatGPT35,Classified LLM,SVM
18.304517264498827,7.991263649344148,46.692004693261815,21.235768276147237,0.07802547770700637,0.5853530041592636,2.237931612470667,16.285868411052828,1.88208179684881,2.02374624585122,0.013618840093865237,0.22373549363035586,0.38279416694602747,0.9229487336471257,1.1456168286959436,1.0473011289604452,0.43374958095876637,0.9711143657037642,0.2429601072745558,0.7769980704130914,6.843069057995307,4.583569078649402,0.2811347636607442,1.1465098635376298,1.3893312101910829,0.9338164863751647,0.4472008045591686,1.219524113578635,0.09089004358028831,0.5545902792021777,1.684294334562521,2.060937575661248,0.8446614146832049,1.578262812145074,0.2640797854508884,0.7538528034589761,2.3610878310425747,2.3415555564048787,0.6614146832048273,1.1647016555217409,5.819560844787127,3.747560548579849,0.8946530338585317,1.3961592731564687,0.2631578947368421,0.7068509752776383,SVM_ChatGPT35,Classified Student,SVM
9.913032123269783,3.4495975252480013,39.8600156698877,13.67084011763077,0.02637764429354923,0.26074999705224394,1.0417863671977017,10.707430904218837,0.12797074954296161,0.5573166161020401,0.00026116479498563595,0.016158483466448704,0.11465134499869417,0.3572434654227396,0.7168973622355707,0.8168883275819971,0.0,0.0,0.4129015408722904,0.7528482807244355,5.419169495951945,3.8524033382477585,0.21337163750326457,0.9465577796586921,1.1948289370592844,0.7577677511815082,0.3225385218072604,0.7030629042002425,0.25620266388090884,0.9040787393069041,1.4290937581613998,1.0299762737089881,1.175763907025333,1.4059448168551187,0.2812744841995299,0.6992267826907422,2.098197962914599,2.170162437576935,0.8276312353094802,1.1509516218132596,4.11674066335858,1.7287165574143393,0.5502742230347349,0.7899823649092051,0.3870462261687125,0.7455618652129051,SVM_ChatGPT4o,Missclassified LLM,SVM
16.783292383292384,7.668482096310896,46.22850122850123,23.702214277061707,0.4702702702702703,2.023079530543681,15.690417690417691,63.52933878190706,2.2235872235872236,1.9741906951631354,0.01769041769041769,0.20955451163833907,0.16216216216216217,0.5386699821085346,0.9646191646191646,0.8322293496057731,0.05110565110565111,0.2792452202182663,0.2515970515970516,0.7097711537557986,6.3071253071253075,5.545480780996923,0.3759213759213759,1.3577369789071683,1.4275184275184276,0.961688463978267,0.3312039312039312,0.8819145329476938,0.26928746928746927,0.910336619121329,2.097788697788698,2.3541004060863977,0.7341523341523342,1.2596899920445528,0.3484029484029484,0.8642453666921223,2.093857493857494,1.8151794056049375,0.7542997542997543,1.112172957124986,4.9724815724815725,2.7621928909136204,0.8407862407862408,1.2769771473666547,0.4648648648648649,2.056001921365205,SVM_ChatGPT4o,Missclassified Student,SVM
15.945719614784363,7.7933381506210715,74.2208899547029,36.10467779884313,3.141220357047695,2.9277916997619764,137.86917132960298,120.68656470882145,1.6022229835179476,1.6866251609949188,0.5412051311331887,0.823347627050029,0.6750028548589699,1.5748873121147167,0.9534848311826729,0.8811432785644252,0.0006851661527920521,0.0370116583379774,0.22123253777930038,0.6669576985635617,5.94313120931826,3.7624599846319717,1.1227208709223098,2.9435087503771964,1.4304366030984736,0.9332448874910924,0.3839594990674127,0.9203356150236893,0.5111339499828709,1.3284496222969866,2.1586920939438925,3.295441896676109,1.152335274637433,2.2791583109407325,0.5200791747554337,1.4902159973478146,2.412736477484679,2.724406990868141,0.6834151726238057,0.9881865492850502,6.267252864375166,4.561235068610039,0.9477751132427391,1.1761971849456385,0.2760077652163983,0.5963124886819334,SVM_ChatGPT4o,Classified LLM,SVM
18.151659788264848,7.898315469167208,46.522052754351336,20.56730553597036,0.06732460075363358,0.5686245662349625,1.9280818230755428,15.723008196799622,1.8629104611519827,2.052446365515067,0.01388839045397452,0.23337414505602808,0.3625336443567199,0.8920102142416559,1.1019199712901488,1.0392710125992832,0.3961600574197021,0.9290608724150273,0.26922662838686523,0.8024782588709717,6.770285304144985,4.539408541038386,0.2593576170823614,1.0770200080136811,1.36985465637897,0.9145096692177228,0.4176206710927687,1.16244154611088,0.08164363897362283,0.5171128812645025,1.7588013637179256,2.058326814583691,0.8826484837609905,1.5918131268310938,0.2952808182307554,0.8128792243161738,2.284729947963395,2.213711513439733,0.7109994616902925,1.2051935978462878,5.720330163287278,3.560089056695392,0.872994796339494,1.3605596291119024,0.2689036425623542,0.7220130810131808,SVM_ChatGPT4o,Classified Student,SVM
12.320409496841647,5.292236881612246,44.712698758440425,17.5625964506662,0.08625571770856022,0.5158863171064053,4.29949901982139,26.269713382104143,0.5329993465475931,1.1213411275864769,0.047702025702461334,0.3275464907937041,0.26464822478762795,0.7024635999956808,0.9660204748420823,0.910585297239866,0.47810934436941843,0.9906500365442173,0.23023306469178828,0.6190970249092878,6.240470485732955,3.5853024287359734,0.23894576345022872,1.0880308096740945,1.6040078414288825,0.9571619833926364,0.28425179699411895,0.8206721701858752,0.15203659333478545,0.6152562775390892,1.5079503376170769,1.6436819104549734,0.4959703768242213,1.0843006987092447,0.4798518841211065,0.9767372973560697,2.248965367022435,2.110765911892123,0.36419080810280985,0.8692667563621791,5.087344805053365,2.898935681228119,0.69396645610978,1.0430739375171234,0.24852973208451318,0.6151764600829608,SVM_Deepseek,Missclassified LLM,SVM
17.309281627463445,7.591925918590249,44.20247933884298,19.443072401723878,0.1449459631277813,1.0037920221108767,5.551176096630642,36.76309122257233,1.8343928798474254,1.9023121985361557,0.00270184361093452,0.0519089939416723,0.16815003178639543,0.48631907291593773,0.9955499046408137,0.9899266475527143,0.16719643992371266,0.5457617644724818,0.2935473617291799,0.7452773564453905,6.021614748887476,4.802439323659413,0.38556897647806737,1.3805829075085643,1.2314049586776858,0.8623540701487851,0.26160203432930706,0.7801375507816144,0.14907819453274,0.6644841616870286,1.7045454545454546,1.8419663716884256,1.0089001907183726,1.5947257709023608,0.18404322949777496,0.5728657203405132,2.0090591226954864,1.9006006524558074,0.8246980292434838,1.1870273795168975,4.891449459631278,2.4150822707707604,0.7398283534647171,1.2211774964550968,0.512396694214876,1.4590202724471757,SVM_Deepseek,Missclassified Student,SVM
12.892773615570619,6.596439940198962,51.76850200182344,28.016251995134247,0.6705910334165774,1.7741488700927404,27.472113212034724,78.87681405183326,0.7227970032108455,1.2824844247539733,0.0752764894755619,0.39700238156645096,0.49526301185238036,1.3537529032783615,1.0136361834542356,1.0175708701586572,0.13259602806516826,0.5022432054780283,0.22777183176755064,0.6051149904680996,5.911563007888374,3.969088636977218,0.6678162286439132,2.2020857005200614,1.3778094898323225,0.9070684263467901,0.397708804059143,1.0210607290665972,0.37673920799143773,0.9861986240796802,1.8487334998216196,2.3710804952930484,1.0024973242953978,1.6721498894084599,0.3208863519245253,0.9606650163311494,2.279264280334562,2.1910529096978952,0.6544971657351251,0.9684563438980426,5.847821778253459,4.424078825395466,0.9752645974551076,1.4179724747766869,0.3613192214690609,0.7043566270499007,SVM_Deepseek,Classified LLM,SVM
18.26852239430724,7.981488704742451,47.09719547928003,21.30153300038464,0.07291753871912934,0.5859731130551794,1.8979070740895772,14.989595938876642,1.8790288823775638,2.0032246238708087,0.012850565089995814,0.22384580260800674,0.40146504813729594,0.9380686214361028,1.1088740058601925,1.0284325206799905,0.42335705316031813,0.955348162464962,0.2647132691502721,0.776322735582355,6.940602762662202,4.593627245798818,0.23871912934282127,1.017502437311798,1.3993302637086646,0.9157107248538495,0.45140226035998327,1.2030044366168384,0.08346588530766011,0.5314538934687272,1.8033486814566764,2.141617866678522,0.8424863959815823,1.5836158337020136,0.3252406864796986,0.8886729625739211,2.3339891167852658,2.304799629611385,0.7029719547928003,1.2238095759726466,5.883968187526161,3.720399343799952,0.9197153620761825,1.396551605248555,0.22687316868982838,0.6331285123015753,SVM_Deepseek,Classified Student,SVM
9.855546687948923,4.43983940508572,38.30367118914605,14.005740845314868,0.007382282521947326,0.11538378960654769,0.2916999201915403,5.499755757412971,0.1077414205905826,0.42324225328327364,0.0,0.0,0.10534716679968077,0.30700023004382426,0.9311652035115723,0.7616155586778477,0.11632083000798085,0.5138125953123623,0.3272146847565842,0.6064576533239397,4.902833200319233,3.3993825952431234,0.43136472466081405,1.1285482719722062,1.3591380686352754,0.8327340660929543,0.3375897845171588,0.6235594867204282,0.14664804469273743,0.5991503839537674,1.5760175578611333,1.6018269018450908,1.0432960893854748,1.3758552987118542,0.27773343974461295,0.61039725330205,1.9618914604948126,1.692533322589402,0.75219473264166,1.0778020200026608,4.660215482841181,2.0768527708096736,0.8124501197126895,0.8834407170290343,0.27693535514764567,0.6388608625724924,SVM_Qwen,Missclassified LLM,SVM
15.0,7.298324742120672,43.9449481865285,23.24005052861213,0.4339378238341969,1.7900237461213093,16.22279792746114,61.31258226908412,2.189766839378238,2.114194305691044,0.009715025906735751,0.09808488251696691,0.22474093264248704,0.6123803131306647,1.0349740932642486,0.772801661912852,0.1016839378238342,0.37664631861668146,0.19883419689119172,0.6498096082034138,5.912564766839378,4.435431722151456,0.35621761658031087,1.3780478022874016,1.3646373056994818,0.9914495840834617,0.3795336787564767,1.0879680114522952,0.3024611398963731,1.0063756109184832,1.817357512953368,2.0934289648167455,0.6496113989637305,1.1293997921196959,0.2610103626943005,0.7401393335401358,2.0038860103626943,1.7829025143308868,0.6411917098445595,0.9465030427206559,4.7389896373057,2.8416559090769766,0.8860103626943006,1.2765161218014598,0.327720207253886,1.2347970756723858,SVM_Qwen,Missclassified Student,SVM
19.218798642985433,10.131737619862209,91.0083017361804,47.61273727562431,4.536779086010776,3.727164132079674,186.542526441828,140.74579363159694,2.036719217721014,2.136848909401954,0.7787667132308921,0.9669597360640108,1.264338455398124,2.3340664409703566,1.119976052684095,1.1146840513122607,0.007543404510077829,0.13572929856309307,0.23133107164238675,0.7080010031246375,6.579684693673918,4.291878597094792,1.3131510676511675,3.6526768489656765,1.4442626222310917,1.0196612917768053,0.4088205946916783,0.9810711109743223,1.0201955697465577,1.9321537624403917,2.855877070445021,4.522246269184479,1.6667730991818,3.151752171784385,0.8843344641788067,2.156414102895046,2.7504290560766314,3.095528430450234,0.7515465974855319,1.160487954152083,7.968349630812213,6.460255356554508,0.8475354220714428,1.195340940723801,0.2895230492915586,0.6328277458475958,SVM_Qwen,Classified LLM,SVM
18.184930783049772,7.908029926180124,46.56655746944239,20.619895416650547,0.0679488534291451,0.5544095873543273,1.8732607700165558,14.993212963405352,1.860615026947057,2.040861371655404,0.011553770826728663,0.21301900259238862,0.3554545774771919,0.892236957989736,1.0917608933037444,1.0361387606884642,0.3866990735848392,0.9219194394429324,0.2784881468174293,0.8311258100069147,6.756243615484871,4.661470133819118,0.2691535453872979,1.1144388386542883,1.3841276550776709,0.9170401428508544,0.41737997111557296,1.167796558213625,0.08644193173412237,0.5354024652211221,1.7787523336503575,2.0921844251916903,0.8760787629011236,1.5791943646167548,0.31167001303321706,0.846705082957133,2.278664271372715,2.231711848990958,0.7029835499665363,1.1789653922018433,5.70985240762267,3.5819981839084853,0.8960865123815562,1.3843508662355086,0.2760576279544894,0.9152224066326584,SVM_Qwen,Classified Student,SVM
14.25224071702945,7.0501503855833345,51.782330345710626,26.00864123512172,0.05761843790012804,0.32874878284316633,2.179257362355954,14.767550333565117,1.2791293213828425,1.3771269466981158,0.006402048655569782,0.10715736723640297,0.235595390524968,0.509387481017566,1.0627400768245838,1.519790797077994,0.3559539052496799,0.8902982670303939,0.3854033290653009,1.5151786860439678,7.450704225352113,5.276400253213134,0.4212548015364917,1.419819094666873,1.2868117797695262,0.9719195477707143,0.36107554417413573,0.7625826262764656,0.2330345710627401,0.7468137252100258,1.7746478873239437,2.197174890821532,0.7567221510883483,1.52309460265561,0.293213828425096,0.8719956898325952,2.224071702944942,2.3011958846087226,0.8181818181818182,1.150728666428852,5.73111395646607,3.0137401800847825,1.2791293213828425,1.8850275380968666,0.4327784891165173,0.7295841611795503,XGBoost_ChatGPT35,Missclassified LLM,XGBoost
15.544285714285714,7.269370884830715,41.94,21.127283646643132,0.34714285714285714,1.472434468934398,12.16,50.74840011552792,1.825,1.570742545058592,0.005714285714285714,0.11938618523300672,0.15285714285714286,0.4418213693892359,0.88,0.8823021834140177,0.11428571428571428,0.5138887356744272,0.2957142857142857,0.695687884509326,5.145714285714286,4.069070996617066,0.30857142857142855,1.1503717234184854,1.3,0.834094890114,0.21214285714285713,0.5999961734571857,0.17142857142857143,0.7225239209372453,1.6935714285714285,1.919736243575653,0.99,1.5528453147137906,0.34714285714285714,0.8591060850128596,1.89,1.853772215934695,0.7114285714285714,1.0913350745293398,4.550714285714286,2.406597967154091,0.7107142857142857,1.2281924249290341,0.37642857142857145,0.7399913816376238,XGBoost_ChatGPT35,Missclassified Student,XGBoost
12.33347045111751,5.399138118812002,48.31955299602358,21.77123806230989,0.5608802961744138,1.3801952274334421,21.52509255450432,55.64144194247073,1.1385918003565063,1.3207189006807385,0.03750171397230221,0.22516300636705525,0.41995749348690525,1.1589394757550193,1.014431646784588,0.950382306266646,0.0284519402166461,0.24425279920564344,0.24893733717263128,0.7236437371937183,5.575037707390648,3.794199922628853,0.431406828465652,1.4140165450906865,1.3780337309749076,0.9045159188975254,0.3882490058960647,0.9491870806407441,0.2845879610585493,0.7959893370246417,1.658405320170026,2.0938409827068916,0.9505004799122446,1.7156705367131238,0.3119772384478267,0.8522740238241422,2.038598656245715,1.941932104549261,0.7244275332510627,0.9923551352787463,5.437371452077334,3.4765111490894265,0.8423831070889894,1.1468256274722266,0.306629644864939,0.683897319204805,XGBoost_ChatGPT35,Classified LLM,XGBoost
18.179949034802945,7.907777693373101,46.698886445352045,20.760624904525834,0.0796243934792474,0.7014533123056502,2.229133940726778,19.75787388986084,1.8609976611861625,1.955740353361683,0.01413760603204524,0.23494382124195368,0.3657625580340001,0.9176581889314291,1.0948092295877405,1.0275042269395624,0.38705623625510527,0.9311540550343116,0.2644605019722833,0.788625796392948,6.817013997975355,4.669242094784443,0.2802038607882152,1.1410125220625966,1.3722553845079764,0.9218090146650869,0.42154501343945266,1.1709326493749295,0.09062030928194924,0.5321627402889557,1.7841309735748945,2.1056921754717512,0.8575418019338849,1.559242240031622,0.3005201242713024,0.8398856914260482,2.2881279017000034,2.193089425770425,0.7255209969630327,1.2173730420776325,5.739553879987433,3.63111128430745,0.8849094145983872,1.3794206076066924,0.28310119733305406,0.9069927526198989,XGBoost_ChatGPT35,Classified Student,XGBoost
11.383863080684597,4.842944985022271,44.119804400978,16.97467764451906,0.06356968215158924,0.2897903645971453,2.921760391198044,13.421463700154616,0.43276283618581907,0.9334859582328343,0.039119804400977995,0.1938799765437556,0.2371638141809291,0.6015365614645597,1.158924205378973,1.026149455852615,0.034229828850855744,0.25939926082884784,0.30317848410757947,0.7793261900139837,5.88997555012225,3.995733941399696,0.6308068459657702,1.6259297387214358,1.1246943765281174,0.8342318352862419,0.4156479217603912,0.73231363492973,0.06845965770171149,0.3499323357029799,1.6723716381418092,1.7115298633480032,1.3838630806845966,1.4405356721781983,0.25183374083129584,0.6275288685911956,1.8068459657701712,1.479890327741021,0.6772616136919315,0.970718652200227,5.193154034229829,2.442362894173551,0.5525672371638142,0.8665472677468639,0.6992665036674817,0.862148592459248,XGBoost_ChatGPT4o,Missclassified LLM,XGBoost
15.286075949367088,8.008013931897985,41.98987341772152,24.02329879084268,0.7670886075949367,2.291189593124577,27.775949367088607,74.40519703365948,1.8632911392405063,1.5844319522909383,0.007594936708860759,0.08681735797206201,0.11772151898734177,0.3413522971985921,0.7734177215189874,0.8407665069325838,0.026582278481012658,0.2424604160617437,0.379746835443038,0.7309400479035377,4.915189873417722,4.403007850152558,0.369620253164557,1.4213876648427142,1.2569620253164557,0.844068439288837,0.21518987341772153,0.5839820977824267,0.2240506329113924,0.8061025455188716,1.5468354430379747,1.602121650514588,1.0645569620253164,1.4659457546635508,0.42278481012658226,0.8633096994923792,1.9037974683544303,1.8625858599171237,0.6341772151898735,1.0096228241654353,4.10253164556962,2.347283627134511,0.5784810126582278,1.0364460803570932,0.31772151898734174,0.7197502192736923,XGBoost_ChatGPT4o,Missclassified Student,XGBoost
15.241695804195805,7.718677373412087,70.2191702528241,36.020653811099585,2.764490317374933,2.894291781256478,122.14254975793438,121.50499223659642,1.4295992469069392,1.6682631176509097,0.47542361484669177,0.7882703730061683,0.5922875201721356,1.4666669173081641,0.9300363098440022,0.8895689364577897,0.00026896180742334586,0.023191620779773877,0.24031737493275954,0.6721074787689096,5.904619419042496,3.7965702742906267,1.0133808499193115,2.7732989883597385,1.4040814954276493,0.9231924553729741,0.3812533620225928,0.9022375746030225,0.47048144163528777,1.2646941957963502,2.1050632060247443,3.1959846834950003,1.159965034965035,2.2218661737596865,0.5063542227003766,1.446192891294127,2.3706966110812266,2.666917610581396,0.7051169983862292,1.0134348531014827,5.986955352339968,4.35427230285492,0.9071073157611619,1.145692894259261,0.2876546530392684,0.6176430038440921,XGBoost_ChatGPT4o,Classified LLM,XGBoost
18.213786695116497,7.954831614263496,46.851292287572704,21.06114974458117,0.0765392160236776,0.6201738825084974,2.2111023161372474,18.23366392888802,1.8805107203083595,2.021268449732147,0.013008913514815708,0.22637789237532183,0.35602436590150394,0.8661282810418219,1.1058608941046908,1.0276551080767031,0.37398905599339227,0.9064904398419535,0.2627249888150876,0.7767741624426876,6.796985235915614,4.6969246473422634,0.2765942802078673,1.1347279507047745,1.3741955466841036,0.9194485760669355,0.41917610214406165,1.1551142741448799,0.0944694910004474,0.5605345940423988,1.8066558832639295,2.0925171359099317,0.8580376501359397,1.5658164531138026,0.29996214337336957,0.8430041225646738,2.3094263000309736,2.2537739751432153,0.7164882816533021,1.1909946260179476,5.743848298172558,3.5583545950540323,0.8924527652544998,1.3678861300778749,0.2782117906184396,0.9319875985976749,XGBoost_ChatGPT4o,Classified Student,XGBoost
12.768247202983485,5.643662436487086,47.73681406499733,19.301024871247265,0.04794885455514118,0.3482849395092926,2.2573255194459243,17.727300188205867,0.5721896643580181,1.159489420747101,0.006925945657964837,0.10037214373711381,0.3212573255194459,0.7148928829947271,1.134789557805008,1.2044355606033428,0.46776771443793286,1.0006124780515926,0.27597229621736813,0.6645953061194745,6.8145977623867875,4.030086637592967,0.4667021843367075,1.4603932602003096,1.469366009589771,0.9888802495093589,0.4038359083644113,0.9884501845953723,0.14970697922216303,0.6325112690759191,1.7229621736814065,1.9930540452895489,0.880127863612147,1.764207684192434,0.33404368673415025,0.9571408454271064,2.3249866808737347,2.1935827028880643,0.795418220564731,1.374367796095154,5.734683004794886,3.25344554346756,0.9057005860415557,1.1692902745938007,0.30420884389984015,0.7028736017362461,XGBoost_Deepseek,Missclassified LLM,XGBoost
15.79666809055959,6.409132674280161,41.567278940623666,17.68960450268117,0.18069201196070056,1.023968892808257,7.540794532251175,40.39830183518975,1.6873131140538231,1.4581024925884065,0.0051260145237078175,0.10112246546894696,0.18752669799231098,0.7482503526007743,0.9325074754378471,0.9101769713801529,0.26270824434002565,0.8585162562286376,0.3105510465612986,0.6783493135390909,5.477146518581803,3.7012545836300466,0.37676206749252455,1.353669188494818,1.3229389149935924,0.8680227843495062,0.26612558735583086,0.818726717719209,0.21443827424177703,0.7532790305572323,1.5395130286202479,1.6489929414634932,0.9414780008543358,1.438320738508932,0.24177701836821872,0.7328136829324573,1.984194788551901,2.0079312204516007,0.7031183255019222,1.0926079215121713,4.689876121315677,3.0901899362304577,0.6663818880820163,1.0519289770026596,0.3904314395557454,0.7391954665300607,XGBoost_Deepseek,Missclassified Student,XGBoost
12.83964484381686,6.5228876386049475,51.141242333475965,27.395509880274886,0.631971188132934,1.737667947456681,26.229104264726857,77.57254508248435,0.7024318927399801,1.2659169760936593,0.070353729853088,0.3836718794431614,0.4668378262729996,1.3264176552359332,1.010554842390529,1.0059528240668412,0.17233632862644416,0.5936146500234393,0.2176936243046641,0.5911431001629004,5.920161175295964,3.9128933784417006,0.6210954214805305,2.172113557173723,1.4102481814291827,0.9088209125958933,0.3828269861645985,1.006078542429914,0.3518043075167594,0.9510764326594481,1.7938239908714877,2.305985358817937,0.9236913421765797,1.61918566321526,0.34445870774497217,0.9378133980649122,2.272357723577236,2.179226390342789,0.6026601055484239,0.9372221987709184,5.739052916844958,4.351081086327038,0.9342105263157895,1.38310529618781,0.34142775638282696,0.6873095548682415,XGBoost_Deepseek,Classified LLM,XGBoost
18.267467012762275,8.092671711660063,46.95208738914125,21.350671055550503,0.07877280265339967,0.6468190196029052,2.263825798543514,18.817782111599122,1.881245944192083,2.0509307923854903,0.01135626216742375,0.20742427906538563,0.35828105847573727,0.8669387341653206,1.1001153652029707,1.0347098148041067,0.37583820030283366,0.9085537939281741,0.26191506236931283,0.7877355709399537,6.8250775109957456,4.710951752045431,0.2585622611579782,1.077091729589284,1.3803807051698032,0.9264463309261766,0.4137284591535078,1.1213753137885194,0.08630759247242051,0.551787701035027,1.809214795587281,2.1362350201287774,0.8615978080611436,1.5762366887974693,0.30254524479054007,0.8410960163252872,2.2905761049823345,2.2669233338305075,0.7121638185882183,1.193299664782798,5.7226187901074335,3.490011441316401,0.8966039368375514,1.3855690958348805,0.26660177373999566,0.8739399269177551,XGBoost_Deepseek,Classified Student,XGBoost
12.95903165735568,8.038443327495171,46.353817504655495,17.52257254918266,0.06517690875232775,0.39247770505342205,2.828677839851024,17.210074480228755,0.553072625698324,3.31935731988466,0.01675977653631285,0.12837011500643639,0.11731843575418995,0.3752316194630364,1.1135940409683427,1.0623668837641165,0.18435754189944134,0.5991126326924562,0.297951582867784,0.6854809057469632,5.582867783985103,3.5945754660879783,0.3929236499068901,1.2282317685293225,1.3687150837988826,0.8221722753133277,0.19925512104283055,0.5136492692341359,0.2346368715083799,0.7772794964642591,2.1266294227188083,2.1155578699325965,1.1508379888268156,2.260824211082583,0.13966480446927373,0.5635170543219967,2.2737430167597767,2.3409398932622136,0.707635009310987,0.983190845777805,5.087523277467412,2.3234239190381762,0.9143389199255121,1.0267008782147566,0.19553072625698323,0.5732544125389493,XGBoost_Qwen,Missclassified LLM,XGBoost
13.78014184397163,7.492715641657308,38.917257683215134,21.970219690212474,0.5260047281323877,1.9027564601256117,19.6371158392435,61.38799979145407,1.5969267139479906,1.3071688179061736,0.01773049645390071,0.13197017068034322,0.09574468085106383,0.33553295676010647,0.8274231678486997,0.8427158214254344,0.034278959810874705,0.261849013045611,0.42080378250591016,0.7343270615783591,4.369976359338062,4.086418345331048,0.3416075650118203,1.3147083082681479,1.3581560283687943,0.8452892152700391,0.17612293144208038,0.47980207110958994,0.2375886524822695,0.8867588343627631,1.6252955082742317,1.7368957786153396,0.8959810874704491,1.4638457461210326,0.3309692671394799,0.7969568340085837,1.8475177304964538,1.7589117186723138,0.6678486997635934,1.0628397021316938,4.005910165484633,2.1941708852608652,0.6430260047281324,1.20587306561992,0.24349881796690306,0.631931299475098,XGBoost_Qwen,Missclassified Student,XGBoost
17.80414465664364,10.13396848419833,83.05228227007991,48.285801218948244,3.866551537315454,3.816232250925362,158.81907761072733,146.0201460530526,1.7643911689015306,2.0815084822640024,0.6504131112014087,0.9206802954455048,1.0933902207774617,2.1914529724990803,1.0876676147907354,1.0645244939673106,0.02079100636597589,0.22606425968894833,0.23818231071380197,0.6720112603513267,6.280238385480157,4.189700980810739,1.1717459027495598,3.3839024674016702,1.4361370716510904,1.0015996030191816,0.3962819991873222,0.9386452193144105,0.8962819991873222,1.8314759633617619,2.6874238114587565,4.297727245252943,1.5408031965325748,2.9328679622899054,0.7935798455912231,2.018333809006385,2.6606731680888527,2.974715141194556,0.7541988351618584,1.1418244236780235,7.479615332520655,6.126573437648063,0.8368210754435866,1.1377827854598996,0.2797304618718678,0.6196734735472486,XGBoost_Qwen,Classified LLM,XGBoost
18.214921780986764,7.9534565007508835,46.779645865566444,20.988830866845273,0.07746260959257349,0.6120242832153348,2.258311844593433,18.480902615836005,1.891318549080282,2.0774868938641133,0.013684029568506104,0.2283465058632602,0.3557503867973182,0.8934666449388563,1.0947567474643287,1.0260966561386808,0.3840811414818635,0.9164219043130171,0.26628846484442154,0.803306640624601,6.794602028537047,4.641261501044245,0.2709300326628846,1.099597052841817,1.3710847515901667,0.9164116376965094,0.41904761904761906,1.148380441583975,0.09286573835310298,0.5457312311112684,1.7852501289324394,2.085442162980983,0.8681794739556472,1.5801610877372927,0.29833247378373734,0.8380328711777584,2.2780814853017017,2.213504094501622,0.7185146982980918,1.2125706802623175,5.718927282104177,3.5743303416836283,0.8819322674918343,1.3571014856590855,0.2820697954271961,0.909520242939184,XGBoost_Qwen,Classified Student,XGBoost
